episode,ep_num,date,person,role,forks
7-Eleven 2 with Jason Woliner,274.0,2020-10-22,Nick Wiger,Nick,2.5
7-Eleven 2 with Jason Woliner,274.0,2020-10-22,Mike Mitchell,Mitch,3.0
7-Eleven 2 with Jason Woliner,274.0,2020-10-22,Jason Woliner,Guest,2.0
7-Eleven with Fran Gillespie (Live),63.0,2016-07-28,Nick Wiger,Nick,3.0
7-Eleven with Fran Gillespie (Live),63.0,2016-07-28,Mike Mitchell,Mitch,3.5
7-Eleven with Fran Gillespie (Live),63.0,2016-07-28,Fran Gillespie,Guest,3.0
800 Degrees with Betsy Sodaro,325.0,2021-11-04,Nick Wiger,Nick,4.25
800 Degrees with Betsy Sodaro,325.0,2021-11-04,Mike Mitchell,Mitch,4.5
800 Degrees with Betsy Sodaro,325.0,2021-11-04,Betsy Sodaro,Guest,4.0
85°C Bakery Cafe with Lauren McGuire,378.0,2022-12-08,Nick Wiger,Nick,3.0
85°C Bakery Cafe with Lauren McGuire,378.0,2022-12-08,Mike Mitchell,Mitch,2.5
85°C Bakery Cafe with Lauren McGuire,378.0,2022-12-08,Lauren McGuire,Guest,2.5
99 Restaurant with Nicole Byer & Dano (LIVE),230.0,2019-11-21,Nick Wiger,Nick,3.0
99 Restaurant with Nicole Byer & Dano (LIVE),230.0,2019-11-21,Mike Mitchell,Mitch,3.0
99 Restaurant with Nicole Byer & Dano (LIVE),230.0,2019-11-21,Dano,Guest,1.0
99 Restaurant with Nicole Byer & Dano (LIVE),230.0,2019-11-21,Nicole Byer,Guest,1.5
A&W Canada with Jessica McKenna and Zach Reino (LIVE),240.0,2020-02-27,Nick Wiger,Nick,5.0
A&W Canada with Jessica McKenna and Zach Reino (LIVE),240.0,2020-02-27,Mike Mitchell,Mitch,5.0
A&W Canada with Jessica McKenna and Zach Reino (LIVE),240.0,2020-02-27,Jessica McKenna,Guest,5.0
A&W Canada with Jessica McKenna and Zach Reino (LIVE),240.0,2020-02-27,Zach Reino,Guest,5.0
AMC Dine-In with Kevin Pollak and Jaime Fox,201.0,2019-05-02,Nick Wiger,Nick,2.5
AMC Dine-In with Kevin Pollak and Jaime Fox,201.0,2019-05-02,Mike Mitchell,Mitch,4.0
AMC Dine-In with Kevin Pollak and Jaime Fox,201.0,2019-05-02,Kevin Pollak,Guest,3.0
AMC Dine-In with Kevin Pollak and Jaime Fox,201.0,2019-05-02,Jaime Fox,Guest,4.0
AMC Theatres with Adam Gertler,323.0,2021-10-21,Nick Wiger,Nick,4.0
AMC Theatres with Adam Gertler,323.0,2021-10-21,Mike Mitchell,Mitch,4.0
AMC Theatres with Adam Gertler,323.0,2021-10-21,Adam Gertler,Guest,4.0
Al's Beef with Megan Batoon & Amir Blumenfeld (LIVE),208.0,2019-06-20,Nick Wiger,Nick,2.5
Al's Beef with Megan Batoon & Amir Blumenfeld (LIVE),208.0,2019-06-20,Mike Mitchell,Mitch,3.9
Al's Beef with Megan Batoon & Amir Blumenfeld (LIVE),208.0,2019-06-20,Megan Batoon,Guest,1.0
Al's Beef with Megan Batoon & Amir Blumenfeld (LIVE),208.0,2019-06-20,Amir Blumenfeld,Guest,1.0
Alamo Drafthouse with Drew McWeeny,464.0,2024-09-19,Nick Wiger,Nick,4.0
Alamo Drafthouse with Drew McWeeny,464.0,2024-09-19,Mike Mitchell,Mitch,4.0
Alamo Drafthouse with Drew McWeeny,464.0,2024-09-19,Drew McWeeny,Guest,4.0
Alfred Coffee with Sean Clements and Hayes Davenport,512.0,2025-09-11,Nick Wiger,Nick,2.5
Alfred Coffee with Sean Clements and Hayes Davenport,512.0,2025-09-11,Mike Mitchell,Mitch,2.0
Alfred Coffee with Sean Clements and Hayes Davenport,512.0,2025-09-11,Sean Clements,Guest,3.3
Alfred Coffee with Sean Clements and Hayes Davenport,512.0,2025-09-11,Hayes Davenport,Guest,2.0
Ameci Pizza and Pasta with Gilli Nissim,463.0,2024-09-12,Nick Wiger,Nick,2.5
Ameci Pizza and Pasta with Gilli Nissim,463.0,2024-09-12,Mike Mitchell,Mitch,3.5
Ameci Pizza and Pasta with Gilli Nissim,463.0,2024-09-12,Gilli Nissim,Guest,3.0
Ample Hills Creamery with Jason Sheridan,232.0,2019-12-12,Nick Wiger,Nick,5.0
Ample Hills Creamery with Jason Sheridan,232.0,2019-12-12,Mike Mitchell,Mitch,4.0
Ample Hills Creamery with Jason Sheridan,232.0,2019-12-12,Jason Sheridan,Guest,4.5
Ampm with Sierra Katow,272.0,2020-10-08,Nick Wiger,Nick,3.25
Ampm with Sierra Katow,272.0,2020-10-08,Mike Mitchell,Mitch,3.0
Ampm with Sierra Katow,272.0,2020-10-08,Sierra Katow,Guest,3.5
Applebee's with Nicole Byer,474.0,2024-12-05,Nick Wiger,Nick,3.0
Applebee's with Nicole Byer,474.0,2024-12-05,Mike Mitchell,Mitch,3.0
Applebee's with Nicole Byer,474.0,2024-12-05,Nicole Byer,Guest,4.0
Arby's 3 with Larry Fong,304.0,2021-06-10,Nick Wiger,Nick,4.0
Arby's 3 with Larry Fong,304.0,2021-06-10,Mike Mitchell,Mitch,4.0
Arby's 3 with Larry Fong,304.0,2021-06-10,Larry Fong,Guest,3.5
Arby’s 2 with John Hodgman,128.0,2017-11-02,Nick Wiger,Nick,3.0
Arby’s 2 with John Hodgman,128.0,2017-11-02,Mike Mitchell,Mitch,3.0
Arby’s 2 with John Hodgman,128.0,2017-11-02,John Hodgman,Guest,1.25
Arby’s with Vanessa Ramos,30.0,2015-12-10,Nick Wiger,Nick,4.0
Arby’s with Vanessa Ramos,30.0,2015-12-10,Mike Mitchell,Mitch,3.5
Arby’s with Vanessa Ramos,30.0,2015-12-10,Vanessa Ramos,Guest,3.0
Auntie Anne's with Mary Lynn Rajskub,303.0,2021-06-03,Nick Wiger,Nick,4.0
Auntie Anne's with Mary Lynn Rajskub,303.0,2021-06-03,Mike Mitchell,Mitch,4.0
Auntie Anne's with Mary Lynn Rajskub,303.0,2021-06-03,Mary Lynn Rajskub,Guest,4.0
BHC Chicken with Matt Selman,559.0,2026-09-03,Nick Wiger,Nick,3.5
BHC Chicken with Matt Selman,559.0,2026-09-03,Mike Mitchell,Mitch,4.0
BHC Chicken with Matt Selman,559.0,2026-09-03,Matt Selman,Guest,3.5
BJ's with Sean Clements & Hayes Davenport,88.0,2017-02-09,Nick Wiger,Nick,5.0
BJ's with Sean Clements & Hayes Davenport,88.0,2017-02-09,Mike Mitchell,Mitch,3.5
BJ's with Sean Clements & Hayes Davenport,88.0,2017-02-09,Sean Clements,Guest,3.1
BJ's with Sean Clements & Hayes Davenport,88.0,2017-02-09,Hayes Davenport,Guest,3.4
Backyard Bowls with Erin Keif,465.0,2024-09-26,Nick Wiger,Nick,3.5
Backyard Bowls with Erin Keif,465.0,2024-09-26,Mike Mitchell,Mitch,3.5
Backyard Bowls with Erin Keif,465.0,2024-09-26,Erin Keif,Guest,3.8
Baja Fresh with Claudia O’Doherty,55.0,2016-06-02,Nick Wiger,Nick,3.0
Baja Fresh with Claudia O’Doherty,55.0,2016-06-02,Mike Mitchell,Mitch,2.0
Baja Fresh with Claudia O’Doherty,55.0,2016-06-02,Claudia ODoherty,Guest,2.0
Baskin-Robbins 2 with Emmy Blotnick,541.0,2026-04-23,Nick Wiger,Nick,2.5
Baskin-Robbins 2 with Emmy Blotnick,541.0,2026-04-23,Mike Mitchell,Mitch,3.0
Baskin-Robbins 2 with Emmy Blotnick,541.0,2026-04-23,Emmy Blotnick,Guest,2.5
Baskin-Robbins 2 with Emmy Blotnick,541.0,2026-04-23,Emma Erdbrink,Guest,2.5
Baskin-Robbins 2 with Emmy Blotnick,541.0,2026-04-23,Amelia Marino,Other,2.5
Baskin-Robbins 2 with Emmy Blotnick,541.0,2026-04-23,Gemi,Other,5.0
Baskin-Robbins with Dave King,71.0,2016-09-22,Nick Wiger,Nick,5.0
Baskin-Robbins with Dave King,71.0,2016-09-22,Mike Mitchell,Mitch,4.0
Baskin-Robbins with Dave King,71.0,2016-09-22,Dave King,Guest,3.5
Bb.q chicken with Tansu Philip,456.0,2024-07-25,Nick Wiger,Nick,5.0
Bb.q chicken with Tansu Philip,456.0,2024-07-25,Mike Mitchell,Mitch,5.0
Bb.q chicken with Tansu Philip,456.0,2024-07-25,Tansu Philip,Guest,4.5
Ben & Jerry's with The Sloppy Boys,207.0,2019-06-13,Nick Wiger,Nick,3.0
Ben & Jerry's with The Sloppy Boys,207.0,2019-06-13,Mike Mitchell,Mitch,4.0
Ben & Jerry's with The Sloppy Boys,207.0,2019-06-13,Mike Hanford,Guest,3.0
Ben & Jerry's with The Sloppy Boys,207.0,2019-06-13,Jeff Dutton,Guest,3.0
Ben & Jerry's with The Sloppy Boys,207.0,2019-06-13,Tim Kalpakis,Guest,4.0
Ben & Jerry's with The Sloppy Boys,207.0,2019-06-13,Emma Erdbrink,Other,5.0
Ben & Jerry's with The Sloppy Boys,207.0,2019-06-13,Yusong Liu,Other,4.0
Ben's Chili Bowl with Christine Nangle & Carl Tart (LIVE),219.0,2019-09-05,Nick Wiger,Nick,5.0
Ben's Chili Bowl with Christine Nangle & Carl Tart (LIVE),219.0,2019-09-05,Mike Mitchell,Mitch,5.0
Ben's Chili Bowl with Christine Nangle & Carl Tart (LIVE),219.0,2019-09-05,Christine Nangle,Guest,4.5
Ben's Chili Bowl with Christine Nangle & Carl Tart (LIVE),219.0,2019-09-05,Carl Tart,Guest,5.0
Benihana with D'Arcy Carden,173.0,2018-09-27,Nick Wiger,Nick,5.0
Benihana with D'Arcy Carden,173.0,2018-09-27,Mike Mitchell,Mitch,5.0
Benihana with D'Arcy Carden,173.0,2018-09-27,D'Arcy Carden,Guest,5.0
Bertucci's with Jon Gabrus and Carl Tart (live),352.0,2022-06-02,Nick Wiger,Nick,2.5
Bertucci's with Jon Gabrus and Carl Tart (live),352.0,2022-06-02,Mike Mitchell,Mitch,5.0
Bertucci's with Jon Gabrus and Carl Tart (live),352.0,2022-06-02,Jon Gabrus,Guest,2.5
Bertucci's with Jon Gabrus and Carl Tart (live),352.0,2022-06-02,Carl Tart,Guest,3.75
Big Chicken with Dan Black,422.0,2023-11-02,Nick Wiger,Nick,1.0
Big Chicken with Dan Black,422.0,2023-11-02,Mike Mitchell,Mitch,1.0
Big Chicken with Dan Black,422.0,2023-11-02,Dan Black,Guest,0.5
Big Mama's & Papa's Pizzeria with Zach Cherry,478.0,2025-01-16,Nick Wiger,Nick,3.75
Big Mama's & Papa's Pizzeria with Zach Cherry,478.0,2025-01-16,Mike Mitchell,Mitch,4.0
Big Mama's & Papa's Pizzeria with Zach Cherry,478.0,2025-01-16,Zach Cherry,Guest,3.99
Black Angus Steakhouse with Tim Heidecker,423.0,2023-11-09,Nick Wiger,Nick,2.75
Black Angus Steakhouse with Tim Heidecker,423.0,2023-11-09,Mike Mitchell,Mitch,2.25
Black Angus Steakhouse with Tim Heidecker,423.0,2023-11-09,Tim Heidecker,Guest,2.0
Blaze Pizza with Eliza Skinner,268.0,2020-09-10,Nick Wiger,Nick,2.5
Blaze Pizza with Eliza Skinner,268.0,2020-09-10,Mike Mitchell,Mitch,2.0
Blaze Pizza with Eliza Skinner,268.0,2020-09-10,Eliza Skinner,Guest,2.0
Blue Bottle with Kate Berlant,471.0,2024-11-07,Nick Wiger,Nick,3.0
Blue Bottle with Kate Berlant,471.0,2024-11-07,Mike Mitchell,Mitch,3.0
Blue Bottle with Kate Berlant,471.0,2024-11-07,Kate Berlant,Guest,3.5
Bob’s Big Boy with Dave Ferguson,61.0,2016-07-14,Nick Wiger,Nick,4.0
Bob’s Big Boy with Dave Ferguson,61.0,2016-07-14,Mike Mitchell,Mitch,3.9
Bob’s Big Boy with Dave Ferguson,61.0,2016-07-14,Dave Ferguson,Guest,4.0
Bojangles with Jesse Farrar and Mike Hale (live),347.0,2022-04-28,Nick Wiger,Nick,4.0
Bojangles with Jesse Farrar and Mike Hale (live),347.0,2022-04-28,Mike Mitchell,Mitch,4.0
Bojangles with Jesse Farrar and Mike Hale (live),347.0,2022-04-28,Jesse Farrar,Guest,4.5
Bojangles with Jesse Farrar and Mike Hale (live),347.0,2022-04-28,Mike Hale,Guest,4.5
Bonchon Chicken with Ed Zitron,264.0,2020-08-13,Nick Wiger,Nick,5.0
Bonchon Chicken with Ed Zitron,264.0,2020-08-13,Mike Mitchell,Mitch,6.0
Bonchon Chicken with Ed Zitron,264.0,2020-08-13,Ed Zitron,Guest,5.0
Boo's Philly Cheesesteaks with Don't Stop or We'll Die,421.0,2023-10-26,Wendy Wiger,Nick,3.5
Boo's Philly Cheesesteaks with Don't Stop or We'll Die,421.0,2023-10-26,Wendy Mitchell,Mitch,3.25
Boo's Philly Cheesesteaks with Don't Stop or We'll Die,421.0,2023-10-26,Dave Thomas Rust,Guest,4.0
Boo's Philly Cheesesteaks with Don't Stop or We'll Die,421.0,2023-10-26,Dave Thomas Cassady,Guest,3.75
Boston Market 2 with Dewayne Perkins,277.0,2020-11-12,Nick Wiger,Nick,3.0
Boston Market 2 with Dewayne Perkins,277.0,2020-11-12,Mike Mitchell,Mitch,3.5
Boston Market 2 with Dewayne Perkins,277.0,2020-11-12,Dewayne Perkins,Guest,4.0
Boston Market with Annie Mebane,15.0,2015-08-19,Nick Wiger,Nick,3.5
Boston Market with Annie Mebane,15.0,2015-08-19,Mike Mitchell,Mitch,3.5
Boston Market with Annie Mebane,15.0,2015-08-19,Annie Mebane,Guest,3.5
Boston Pizza with Samoa Joe,469.0,2024-10-24,Nick Wiger,Nick,3.0
Boston Pizza with Samoa Joe,469.0,2024-10-24,Mike Mitchell,Mitch,3.0
Boston Pizza with Samoa Joe,469.0,2024-10-24,Samoa Joe,Guest,3.0
Boudin Bakery with The Sloppy Boys,237.0,2020-02-06,Nick Wiger,Nick,1.5
Boudin Bakery with The Sloppy Boys,237.0,2020-02-06,Mike Mitchell,Mitch,2.0
Boudin Bakery with The Sloppy Boys,237.0,2020-02-06,Jefferson Dutton,Guest,3.0
Boudin Bakery with The Sloppy Boys,237.0,2020-02-06,Mike Hanford,Guest,2.0
Boudin Bakery with The Sloppy Boys,237.0,2020-02-06,Tim Kalpakis,Guest,3.0
Bowlero with Allan McLeod,451.0,2024-06-20,Nick Wiger,Nick,3.0
Bowlero with Allan McLeod,451.0,2024-06-20,Mike Mitchell,Mitch,3.5
Bowlero with Allan McLeod,451.0,2024-06-20,Allan McLeod aka Molasses Boy,Guest,3.5
Broccoli with Lindsay Katai and Kelly Nugent,457.0,2024-08-01,Nick Wiger,Nick,4.0
Broccoli with Lindsay Katai and Kelly Nugent,457.0,2024-08-01,Mike Mitchell,Mitch,3.0
Broccoli with Lindsay Katai and Kelly Nugent,457.0,2024-08-01,Lindsay Katai,Guest,4.0
Broccoli with Lindsay Katai and Kelly Nugent,457.0,2024-08-01,Kelly Nugent,Guest,3.0
Bubba Gump Shrimp Co. with Paul Scheer,60.0,2016-07-07,Nick Wiger,Nick,3.0
Bubba Gump Shrimp Co. with Paul Scheer,60.0,2016-07-07,Mike Mitchell,Mitch,3.0
Bubba Gump Shrimp Co. with Paul Scheer,60.0,2016-07-07,Paul Scheer,Guest,3.0
Buca di Beppo 2 with Chloe Radcliffe,550.0,2026-06-25,Nick Wiger,Nick,0.75
Buca di Beppo 2 with Chloe Radcliffe,550.0,2026-06-25,Mike Mitchell,Mitch,1.5
Buca di Beppo 2 with Chloe Radcliffe,550.0,2026-06-25,Chloe Radcliffe,Guest,2.0
Buca di Beppo with Drew McWeeny,84.0,2017-01-12,Nick Wiger,Nick,2.5
Buca di Beppo with Drew McWeeny,84.0,2017-01-12,Mike Mitchell,Mitch,2.5
Buca di Beppo with Drew McWeeny,84.0,2017-01-12,Drew McWeeny,Guest,2.75
Buddy's Detroit-Style Pizza with Marisa Pinson (live),364.0,2022-08-25,Nick Wiger,Nick,5.0
Buddy's Detroit-Style Pizza with Marisa Pinson (live),364.0,2022-08-25,Mike Mitchell,Mitch,5.0
Buddy's Detroit-Style Pizza with Marisa Pinson (live),364.0,2022-08-25,Marisa Pinson,Guest,4.5
Buffalo Wild Wings 2 with Leslie Lee III,265.0,2020-08-20,Nick Wiger,Nick,3.0
Buffalo Wild Wings 2 with Leslie Lee III,265.0,2020-08-20,Mike Mitchell,Mitch,3.5
Buffalo Wild Wings 2 with Leslie Lee III,265.0,2020-08-20,Leslie Lee III,Guest,2.5
Buffalo Wild Wings 3 with Johnny Pemberton,441.0,2024-04-11,Nick Wiger,Nick,3.5
Buffalo Wild Wings 3 with Johnny Pemberton,441.0,2024-04-11,Mike Mitchell,Mitch,4.0
Buffalo Wild Wings 3 with Johnny Pemberton,441.0,2024-04-11,Johnny Pemberton,Guest,3.5
Buffalo Wild Wings with Matt Selman,19.0,2015-09-18,Nick Wiger,Nick,4.0
Buffalo Wild Wings with Matt Selman,19.0,2015-09-18,Mike Mitchell,Mitch,4.0
Buffalo Wild Wings with Matt Selman,19.0,2015-09-18,Matt Selman,Guest,4.33
Burger King 2 with Jordan Morris (LIVE),109.0,2017-06-22,Nick Wiger,Nick,1.0
Burger King 2 with Jordan Morris (LIVE),109.0,2017-06-22,Mike Mitchell,Mitch,2.0
Burger King 2 with Jordan Morris (LIVE),109.0,2017-06-22,Jordan Morris,Guest,1.5
Burger King 3 with Haley Mancini,217.0,2019-08-22,Nick Wiger,Nick,3.5
Burger King 3 with Haley Mancini,217.0,2019-08-22,Mike Mitchell,Mitch,3.5
Burger King 3 with Haley Mancini,217.0,2019-08-22,Haley Mancini,Guest,4.0
Burger King 4 with Don't Stop or We'll Die,278.0,2020-11-19,Nick Wiger,Nick,4.0
Burger King 4 with Don't Stop or We'll Die,278.0,2020-11-19,Mike Mitchell,Mitch,4.0
Burger King 4 with Don't Stop or We'll Die,278.0,2020-11-19,Paul Rust,Guest,4.0
Burger King 4 with Don't Stop or We'll Die,278.0,2020-11-19,Michael Cassady,Guest,3.75
Burger King 5 with Sam Richardson,307.0,2021-07-01,Nick Wiger,Nick,4.5
Burger King 5 with Sam Richardson,307.0,2021-07-01,Mike Mitchell,Mitch,4.5
Burger King 5 with Sam Richardson,307.0,2021-07-01,Sam Richardson,Guest,4.5
Burger King 6 with Jon Gabrus & Adam Pally,358.0,2022-07-14,Nick Wiger,Nick,4.0
Burger King 6 with Jon Gabrus & Adam Pally,358.0,2022-07-14,Mike Mitchell,Mitch,3.5
Burger King 6 with Jon Gabrus & Adam Pally,358.0,2022-07-14,Jon Gabrus,Guest,2.5
Burger King 6 with Jon Gabrus & Adam Pally,358.0,2022-07-14,Adam Pally,Guest,0.5
Burger King 8 with Joe Wengert,544.0,2026-05-14,Nick Wiger,Nick,3.5
Burger King 8 with Joe Wengert,544.0,2026-05-14,Mike Mitchell,Mitch,3.5
Burger King 8 with Joe Wengert,544.0,2026-05-14,Joe Wengert,Guest,3.0
Burger King with John Roy,26.0,2015-11-05,Nick Wiger,Nick,3.0
Burger King with John Roy,26.0,2015-11-05,Mike Mitchell,Mitch,3.5
Burger King with John Roy,26.0,2015-11-05,John Roy,Guest,4.0
Burgerville with Jordan Morris and Bill Oakley (live),349.0,2022-05-12,Nick Wiger,Nick,4.0
Burgerville with Jordan Morris and Bill Oakley (live),349.0,2022-05-12,Mike Mitchell,Mitch,4.0
Burgerville with Jordan Morris and Bill Oakley (live),349.0,2022-05-12,Jordan Morris,Guest,4.0
Burgerville with Jordan Morris and Bill Oakley (live),349.0,2022-05-12,Bill Oakley,Guest,4.0
"CAVA with Jamelle Bouie, Carl Tart, and Libby Watson (LIVE)",220.0,2019-09-12,Nick Wiger,Nick,3.5
"CAVA with Jamelle Bouie, Carl Tart, and Libby Watson (LIVE)",220.0,2019-09-12,Mike Mitchell,Mitch,3.75
"CAVA with Jamelle Bouie, Carl Tart, and Libby Watson (LIVE)",220.0,2019-09-12,Jamelle Bouie,Guest,3.5
"CAVA with Jamelle Bouie, Carl Tart, and Libby Watson (LIVE)",220.0,2019-09-12,Carl Tart,Guest,3.0
Cafe Gratitude with Bryan Quinby,489.0,2025-04-03,Nick Wiger,Nick,1.0
Cafe Gratitude with Bryan Quinby,489.0,2025-04-03,Mike Mitchell,Mitch,1.5
Cafe Gratitude with Bryan Quinby,489.0,2025-04-03,Bryan Quinby,Guest,1.5
California Fish Grill with Gil Ozeri,543.0,2026-05-07,Nick Wiger,Nick,4.0
California Fish Grill with Gil Ozeri,543.0,2026-05-07,Mike Mitchell,Mitch,4.0
California Fish Grill with Gil Ozeri,543.0,2026-05-07,Gil Ozeri,Guest,1.0
California Pizza Kitchen 2 with Avital Ash,443.0,2024-04-25,Nick Wiger,Nick,4.0
California Pizza Kitchen 2 with Avital Ash,443.0,2024-04-25,Mike Mitchell,Mitch,4.0
California Pizza Kitchen 2 with Avital Ash,443.0,2024-04-25,Avital Ash,Guest,4.0
California Pizza Kitchen with Eva Anderson,34.0,2016-01-21,Nick Wiger,Nick,3.5
California Pizza Kitchen with Eva Anderson,34.0,2016-01-21,Mike Mitchell,Mitch,2.5
California Pizza Kitchen with Eva Anderson,34.0,2016-01-21,Eva Anderson,Guest,3.5
Carl's Jr./Hardee's 2 with Chris VanArtsdalen,103.0,2017-05-11,Nick Wiger,Nick,4.0
Carl's Jr./Hardee's 2 with Chris VanArtsdalen,103.0,2017-05-11,Mike Mitchell,Mitch,4.0
Carl's Jr./Hardee's 2 with Chris VanArtsdalen,103.0,2017-05-11,Chris VanArtsdalen,Guest,4.0
Carl's Jr./Hardee's 4 with Stavros Halkias,490.0,2025-04-10,Nick Wiger,Nick,3.5
Carl's Jr./Hardee's 4 with Stavros Halkias,490.0,2025-04-10,Mike Mitchell,Mitch,4.0
Carl's Jr./Hardee's 4 with Stavros Halkias,490.0,2025-04-10,Stavros Halkias,Guest,3.75
Carl’s Jr./Hardee’s with Ben Axelrad,9.0,2015-07-09,Nick Wiger,Nick,4.0
Carl’s Jr./Hardee’s with Ben Axelrad,9.0,2015-07-09,Mike Mitchell,Mitch,4.0
Carney's with Jamie Loftus,558.0,2026-08-27,Nick Wiger,Nick,5.0
Carney's with Jamie Loftus,558.0,2026-08-27,Mike Mitchell,Mitch,5.0
Carney's with Jamie Loftus,558.0,2026-08-27,Jamie Loftus,Guest,4.0
Carney's with Jamie Loftus,558.0,2026-08-27,Ryan Luetzow,Guest,4.5
Carrots with Jon Glover and Marisa Pinson,461.0,2024-08-29,Nick Wiger,Nick,3.0
Carrots with Jon Glover and Marisa Pinson,461.0,2024-08-29,,Mitch,4.0
Carrots with Jon Glover and Marisa Pinson,461.0,2024-08-29,Jon Glover,Guest,2.5
Carrots with Jon Glover and Marisa Pinson,461.0,2024-08-29,Marisa Pinson,Guest,5.0
Carrows with Erin Whitehead,11.0,2015-07-23,Nick Wiger,Nick,2.0
Carrows with Erin Whitehead,11.0,2015-07-23,Mike Mitchell,Mitch,2.0
Charleys Philly Steaks with Derek Waters,319.0,2021-09-23,Nick Wiger,Nick,3.0
Charleys Philly Steaks with Derek Waters,319.0,2021-09-23,Mike Mitchell,Mitch,3.25
Charleys Philly Steaks with Derek Waters,319.0,2021-09-23,Derek Waters,Guest,2.0
Cheba Hut with Jon Gabrus (LIVE),188.0,2019-01-31,Nick Wiger,Nick,4.5
Cheba Hut with Jon Gabrus (LIVE),188.0,2019-01-31,Mike Mitchell,Mitch,5.0
Cheba Hut with Jon Gabrus (LIVE),188.0,2019-01-31,Jon Gabrus,Guest,4.5
Checkers and Rally's 2 with Tom Scharpling,312.0,2021-08-05,Nick Wiger,Nick,1.75
Checkers and Rally's 2 with Tom Scharpling,312.0,2021-08-05,Mike Mitchell,Mitch,1.75
Checkers and Rally's 2 with Tom Scharpling,312.0,2021-08-05,Tom Scharpling,Guest,1.0
Checkers and Rally's with Neil Punsalan,140.0,2018-02-08,Nick Wiger,Nick,3.0
Checkers and Rally's with Neil Punsalan,140.0,2018-02-08,Mike Mitchell,Mitch,2.95
Checkers and Rally's with Neil Punsalan,140.0,2018-02-08,Neil Punsalan,Guest,2.0
Chick-fil-A 3 with John Hodgman,483.0,2025-02-20,Nick Wiger,Nick,4.0
Chick-fil-A 3 with John Hodgman,483.0,2025-02-20,Mike Mitchell,Mitch,3.9
Chick-fil-A 3 with John Hodgman,483.0,2025-02-20,John Hodgman,Guest,3.75
Chick-fil-A with Betsy Sodaro,12.0,2015-07-29,Nick Wiger,Nick,4.0
Chick-fil-A with Betsy Sodaro,12.0,2015-07-29,Mike Mitchell,Mitch,4.5
Chick-fil-A with Betsy Sodaro,12.0,2015-07-29,Betsy Sodaro,Guest,5.0
Chick-fil-A with Noël Wells,131.0,2017-11-29,Nick Wiger,Nick,4.0
Chick-fil-A with Noël Wells,131.0,2017-11-29,Mike Mitchell,Mitch,3.75
Chick-fil-A with Noël Wells,131.0,2017-11-29,Noël Wells,Guest,3.5
Chili's 2 with Joey Janela,255.0,2020-06-11,Nick Wiger,Nick,3.0
Chili's 2 with Joey Janela,255.0,2020-06-11,Mike Mitchell,Mitch,3.0
Chili's 2 with Joey Janela,255.0,2020-06-11,Joey Janela,Guest,3.0
Chili's 3 with Eva Anderson,,2025-06-19,Nick Wiger,Nick,4.0
Chili's 3 with Eva Anderson,,2025-06-19,Mike Mitchell,Mitch,4.5
Chili's 3 with Eva Anderson,,2025-06-19,Eva Anderson,Guest,4.5
Chili's Too with Eva Anderson,200.0,2019-04-25,Nick Wiger,Nick,4.0
Chili's Too with Eva Anderson,200.0,2019-04-25,Mike Mitchell,Mitch,4.0
Chili's Too with Eva Anderson,200.0,2019-04-25,Eva Anderson,Guest,3.5
"Chimmelier with John Early, Claudia O'Doherty, and Pat Regan",552.0,2026-07-16,Nick Wiger,Nick,4.0
"Chimmelier with John Early, Claudia O'Doherty, and Pat Regan",552.0,2026-07-16,Mike Mitchell,Mitch,4.0
"Chimmelier with John Early, Claudia O'Doherty, and Pat Regan",552.0,2026-07-16,John Early,Guest,4.0
"Chimmelier with John Early, Claudia O'Doherty, and Pat Regan",552.0,2026-07-16,Claudia O'Doherty,Guest,4.0
"Chimmelier with John Early, Claudia O'Doherty, and Pat Regan",552.0,2026-07-16,Pat Regan,Guest,3.0
Chipotle 2 with Chelsea Davison,118.0,2017-08-24,Nick Wiger,Nick,4.0
Chipotle 2 with Chelsea Davison,118.0,2017-08-24,Mike Mitchell,Mitch,3.75
Chipotle 2 with Chelsea Davison,118.0,2017-08-24,Chelsea Davison,Guest,4.0
Chipotle 3 with Alan Aisenberg and Mike Castle,249.0,2020-04-30,Nick Wiger,Nick,3.25
Chipotle 3 with Alan Aisenberg and Mike Castle,249.0,2020-04-30,Mike Mitchell,Mitch,2.9
Chipotle 3 with Alan Aisenberg and Mike Castle,249.0,2020-04-30,Alan Aisenberg,Guest,4.5
Chipotle 3 with Alan Aisenberg and Mike Castle,249.0,2020-04-30,Mike Castle,Guest,2.0
Chop Stop with Tim Baltz,428.0,2024-01-11,Nick Wiger,Nick,2.0
Chop Stop with Tim Baltz,428.0,2024-01-11,Mike Mitchell,Mitch,1.5
Chop Stop with Tim Baltz,428.0,2024-01-11,Tim Baltz,Guest,1.0
Chuck E. Cheese 2 with Griffin Newman,482.0,2025-02-13,Tiger Wiger,Nick,1.0
Chuck E. Cheese 2 with Griffin Newman,482.0,2025-02-13,Mike Mitchell,Mitch,0.5
Chuck E. Cheese 2 with Griffin Newman,482.0,2025-02-13,King of Kranch Newman,Guest,1.75
Chuck E. Cheese’s with Erin McGathy,48.0,2016-04-14,Nick Wiger,Nick,1.5
Chuck E. Cheese’s with Erin McGathy,48.0,2016-04-14,Mike Mitchell,Mitch,1.5
Chuck E. Cheese’s with Erin McGathy,48.0,2016-04-14,Erin McGathy,Guest,1.25
Church's Chicken with Demi Adejuyigbe,79.0,2016-11-17,Nick Wiger,Nick,4.5
Church's Chicken with Demi Adejuyigbe,79.0,2016-11-17,Mike Mitchell,Mitch,4.0
Church's Chicken with Demi Adejuyigbe,79.0,2016-11-17,Demi Adejuyigbe,Guest,5.0
Cinnabon with Nicole Byer,134.0,2017-12-21,Nick Wiger,Nick,4.0
Cinnabon with Nicole Byer,134.0,2017-12-21,Mike Mitchell,Mitch,3.33
Cinnabon with Nicole Byer,134.0,2017-12-21,Nicole Byer,Guest,4.0
Claim Jumper with Heather Anne Campbell,110.0,2017-06-29,Limerick Wiger,Nick,2.0
Claim Jumper with Heather Anne Campbell,110.0,2017-06-29,Hike Mitchell,Mitch,2.0
Claim Jumper with Heather Anne Campbell,110.0,2017-06-29,Heather Anne Campbell,Guest,2.75
Coca-Cola Freestyle with Chris Gethard,310.0,2021-07-22,Nick Wiger,Nick,3.0
Coca-Cola Freestyle with Chris Gethard,310.0,2021-07-22,Mike Mitchell,Mitch,2.5
Coca-Cola Freestyle with Chris Gethard,310.0,2021-07-22,Chris Gethard,Guest,2.5
Coco Ichibanya with Matt Apodaca and Heather Anne Campbell,545.0,2026-05-21,Nick Wiger,Nick,5.0
Coco Ichibanya with Matt Apodaca and Heather Anne Campbell,545.0,2026-05-21,Mike Mitchell,Mitch,5.0
Coco Ichibanya with Matt Apodaca and Heather Anne Campbell,545.0,2026-05-21,Matt Apodaca,Guest,5.0
Coco Ichibanya with Matt Apodaca and Heather Anne Campbell,545.0,2026-05-21,Heather Anne Campbell,Guest,5.0
Coco Ichibanya with Matt Apodaca and Heather Anne Campbell,545.0,2026-05-21,Emma Erdbrink,Other,5.0
Coco Ichibanya with Matt Apodaca and Heather Anne Campbell,545.0,2026-05-21,Amelia Marino,Other,5.0
Coco's with Alison Rosen,148.0,2018-04-05,Nick Wiger,Nick,2.25
Coco's with Alison Rosen,148.0,2018-04-05,Mike Mitchell,Mitch,1.75
Coco's with Alison Rosen,148.0,2018-04-05,Alison Rosen,Guest,1.75
Cold Stone Creamery 3 with Shaun Diston and Gilli Nissim,509.0,2025-08-21,Nick Wiger,Nick,3.0
Cold Stone Creamery 3 with Shaun Diston and Gilli Nissim,509.0,2025-08-21,Mike Mitchell,Mitch,1.5
Cold Stone Creamery 3 with Shaun Diston and Gilli Nissim,509.0,2025-08-21,Shaun Diston,Guest,2.25
Cold Stone Creamery 3 with Shaun Diston and Gilli Nissim,509.0,2025-08-21,Gilli Nissim,Guest,2.0
Cold Stone Creamery with Kevin T. Porter,77.0,2016-11-02,Nick Wiger,Nick,4.0
Cold Stone Creamery with Kevin T. Porter,77.0,2016-11-02,Mike Mitchell,Mitch,2.0
Cold Stone Creamery with Kevin T. Porter,77.0,2016-11-02,Kevin T. Porter,Guest,3.0
Cold Stone Nintendo with Heather Anne Campbell and Matt Apodaca,365.0,2022-09-01,Nick Wiger,Nick,1.0
Cold Stone Nintendo with Heather Anne Campbell and Matt Apodaca,365.0,2022-09-01,Mike Mitchell,Mitch,1.5
Cold Stone Nintendo with Heather Anne Campbell and Matt Apodaca,365.0,2022-09-01,Heather Anne Campbell,Guest,1.0
Cold Stone Nintendo with Heather Anne Campbell and Matt Apodaca,365.0,2022-09-01,Matt Apodaca,Guest,2.0
Corner Bakery with Marques Ray,383.0,2023-02-02,Nick Wiger,Nick,4.0
Corner Bakery with Marques Ray,383.0,2023-02-02,Mike Mitchell,Mitch,3.5
Corner Bakery with Marques Ray,383.0,2023-02-02,Marques Ray,Guest,4.5
Cornish Pasty with Jon Gabrus (live),348.0,2022-05-05,Nick Wiger,Nick,5.0
Cornish Pasty with Jon Gabrus (live),348.0,2022-05-05,Mike Mitchell,Mitch,5.0
Cornish Pasty with Jon Gabrus (live),348.0,2022-05-05,Jon Gabrus,Guest,4.5
Cosmic Wings with Jana Schmieding,299.0,2021-05-06,Nick Wiger,Nick,1.5
Cosmic Wings with Jana Schmieding,299.0,2021-05-06,Mike Mitchell,Mitch,1.5
Cosmic Wings with Jana Schmieding,299.0,2021-05-06,Jana Schmieding,Guest,2.0
Costco 2 with Excalibur,322.0,2021-10-14,Nick Wiger,Nick,5.0
Costco 2 with Excalibur,322.0,2021-10-14,Mike Mitchell,Mitch,3.75
Costco 2 with Excalibur,322.0,2021-10-14,Excalibur,Guest,3.5
Costco 3 with Jesse Thorn,522.0,2025-11-20,Nick Wiger,Nick,5.0
Costco 3 with Jesse Thorn,522.0,2025-11-20,Mike Mitchell,Mitch,4.0
Costco 3 with Jesse Thorn,522.0,2025-11-20,Jesse Thorn,Guest,4.0
Crown Burgers with Betsy Sodaro (Live),245.0,2020-04-02,Nick Wiger,Nick,4.0
Crown Burgers with Betsy Sodaro (Live),245.0,2020-04-02,Mike Mitchell,Mitch,4.0
Crown Burgers with Betsy Sodaro (Live),245.0,2020-04-02,Betsy Sodaro,Guest,4.5
Crumbl Cookies with Mary Jane Gibson and Mike Glazer,394.0,2023-04-20,Nick Wiger,Nick,3.5
Crumbl Cookies with Mary Jane Gibson and Mike Glazer,394.0,2023-04-20,Mike Mitchell,Mitch,3.5
Crumbl Cookies with Mary Jane Gibson and Mike Glazer,394.0,2023-04-20,Mary Jane Gibson,Guest,3.0
Crumbl Cookies with Mary Jane Gibson and Mike Glazer,394.0,2023-04-20,Mike Glazer,Guest,4.0
Culver's with Carl Tart,235.0,2020-01-23,Nick Wiger,Nick,5.0
Culver's with Carl Tart,235.0,2020-01-23,Mike Mitchell,Mitch,5.0
Culver's with Carl Tart,235.0,2020-01-23,Carl Tart,Guest,5.0
D'Angelo with Jon Gabrus and Carl Tart (live),350.0,2022-05-19,Nick Wiger,Nick,4.5
D'Angelo with Jon Gabrus and Carl Tart (live),350.0,2022-05-19,Mike Mitchell,Mitch,5.0
D'Angelo with Jon Gabrus and Carl Tart (live),350.0,2022-05-19,Jon Gabrus,Guest,4.5
D'Angelo with Jon Gabrus and Carl Tart (live),350.0,2022-05-19,Carl Tart,Guest,4.89
Daikokuya with Sandy Honig,519.0,2025-10-30,Nick Wiger,Nick,5.0
Daikokuya with Sandy Honig,519.0,2025-10-30,Mike Mitchell,Mitch,5.0
Daikokuya with Sandy Honig,519.0,2025-10-30,Sandy Honig,Guest,5.0
Dairy Queen with Christine Nangle and Matt Selman Live At L.A. Podfest 2016,72.0,2016-09-29,Nick Wiger,Nick,4.0
Dairy Queen with Christine Nangle and Matt Selman Live At L.A. Podfest 2016,72.0,2016-09-29,Mike Mitchell,Mitch,5.0
Dairy Queen with Michael Cassady & Paul Rust,181.0,2018-11-29,Nick Wiger,Nick,4.0
Dairy Queen with Michael Cassady & Paul Rust,181.0,2018-11-29,Mike Mitchell,Mitch,4.0
Dairy Queen with Michael Cassady & Paul Rust,181.0,2018-11-29,Michael Cassady,Guest,3.75
Dairy Queen with Michael Cassady & Paul Rust,181.0,2018-11-29,Paul Rust,Guest,4.0
Daphne's with Jessica Jean Jardine,117.0,2017-08-17,Nick Wiger,Nick,3.5
Daphne's with Jessica Jean Jardine,117.0,2017-08-17,Mike Mitchell,Mitch,4.0
Daphne's with Jessica Jean Jardine,117.0,2017-08-17,Jessica Jean Jardine,Guest,4.0
Dave's Hot Chicken with Joe Randazzo,353.0,2022-06-09,Nick Wiger,Nick,4.25
Dave's Hot Chicken with Joe Randazzo,353.0,2022-06-09,Mike Mitchell,Mitch,4.0
Dave's Hot Chicken with Joe Randazzo,353.0,2022-06-09,Joe Randazzo,Guest,4.0
Del Taco 2 with Kevin Bartelt & Yusong Liu,215.0,2019-08-08,Nick Wiger,Nick,5.0
Del Taco 2 with Kevin Bartelt & Yusong Liu,215.0,2019-08-08,Mike Mitchell,Mitch,3.5
Del Taco 2 with Kevin Bartelt & Yusong Liu,215.0,2019-08-08,Kevin Bartelt,Guest,4.0
Del Taco 2 with Kevin Bartelt & Yusong Liu,215.0,2019-08-08,Yusong Liu,Guest,4.0
Del Taco 3 with Libby Watson,430.0,2024-01-25,Nick Wiger,Nick,5.0
Del Taco 3 with Libby Watson,430.0,2024-01-25,Mike Mitchell,Mitch,4.0
Del Taco 3 with Libby Watson,430.0,2024-01-25,Libby Watson,Guest,4.0
Del Taco with Alan Yang,28.0,2015-11-19,Nick Wiger,Nick,5.0
Del Taco with Alan Yang,28.0,2015-11-19,Mike Mitchell,Mitch,4.5
Del Taco with Alan Yang,28.0,2015-11-19,Alan Yang,Guest,4.0
Delta Sky Club with John Hodgman,186.0,2018-01-17,Nick Wiger,Nick,3.0
Delta Sky Club with John Hodgman,186.0,2018-01-17,Mike Mitchell,Mitch,3.0
Delta Sky Club with John Hodgman,186.0,2018-01-17,John Hodgman,Guest,2.75
Deluca's Italian Deli with Alana Hope Levinson and Dan O'Sullivan,513.0,2025-09-18,Nick Wiger,Nick,1.5
Deluca's Italian Deli with Alana Hope Levinson and Dan O'Sullivan,513.0,2025-09-18,Mike Mitchell,Mitch,3.0
Deluca's Italian Deli with Alana Hope Levinson and Dan O'Sullivan,513.0,2025-09-18,Alana Hope Levinson,Guest,1.0
Deluca's Italian Deli with Alana Hope Levinson and Dan O'Sullivan,513.0,2025-09-18,Dan O'Sullivan,Guest,2.5
Denny's 3 with Shaun Diston,273.0,2020-10-15,Nick Wiger,Nick,3.25
Denny's 3 with Shaun Diston,273.0,2020-10-15,Mike Mitchell,Mitch,3.25
Denny's 3 with Shaun Diston,273.0,2020-10-15,Shaun Diston,Guest,3.25
Denny's 4 with Jesse Farrar,520.0,2025-11-06,Nick Wiger,Nick,2.5
Denny's 4 with Jesse Farrar,520.0,2025-11-06,Mike Mitchell,Mitch,2.0
Denny's 4 with Jesse Farrar,520.0,2025-11-06,Jesse Farrar,Guest,0.5
Denny's 5 with Eva Anderson,542.0,2026-04-30,Nick Wiger,Nick,1.0
Denny's 5 with Eva Anderson,542.0,2026-04-30,Mike Mitchell,Mitch,0.0
Denny's 5 with Eva Anderson,542.0,2026-04-30,Eva Anderson,Guest,0.5
Denny's Solo Menu with Matt Mira,155.0,2018-05-24,Nick Wiger,Nick,4.0
Denny's Solo Menu with Matt Mira,155.0,2018-05-24,Mike Mitchell,Mitch,4.0
Denny's Solo Menu with Matt Mira,155.0,2018-05-24,Matt Mira,Guest,4.0
Denny’s with Farley Elliott,13.0,2015-08-06,Nick Wiger,Nick,3.0
Denny’s with Farley Elliott,13.0,2015-08-06,Mike Mitchell,Mitch,3.0
Denny’s with Farley Elliott,13.0,2015-08-06,Farley Elliott,Guest,3.5
Dickey's Barbecue Pit with Jamelle Bouie,491.0,2025-04-17,Nick Wiger,Nick,1.0
Dickey's Barbecue Pit with Jamelle Bouie,491.0,2025-04-17,Mike Mitchell,Mitch,2.0
Dickey's Barbecue Pit with Jamelle Bouie,491.0,2025-04-17,Jamelle Bouie,Guest,2.0
Dick’s Drive-In with Evan Susser (LIVE),130.0,2017-11-16,Nick Wiger,Nick,5.0
Dick’s Drive-In with Evan Susser (LIVE),130.0,2017-11-16,Mike Mitchell,Mitch,4.5
Dick’s Drive-In with Evan Susser (LIVE),130.0,2017-11-16,Evan Susser,Guest,4.5
Din Tai Fung with Farley Elliott,337.0,2022-02-17,Nick Wiger,Nick,5.0
Din Tai Fung with Farley Elliott,337.0,2022-02-17,Mike Mitchell,Mitch,6.0
Din Tai Fung with Farley Elliott,337.0,2022-02-17,Farley Elliott,Guest,5.0
Do-Rite Donuts with Carl Tart,409.0,2023-08-03,Nick Wiger,Nick,5.0
Do-Rite Donuts with Carl Tart,409.0,2023-08-03,Mike Mitchell,Mitch,5.0
Do-Rite Donuts with Carl Tart,409.0,2023-08-03,Carl Tart,Guest,4.75
Dog Haus with Dani Fernandez,257.0,2020-06-25,Nick Wiger,Nick,4.0
Dog Haus with Dani Fernandez,257.0,2020-06-25,Mike Mitchell,Mitch,4.5
Dog Haus with Dani Fernandez,257.0,2020-06-25,Dani Fernandez,Guest,4.0
Domino's 4 with Clare O'Kane,557.0,2026-08-20,Nick Wiger,Nick,5.0
Domino's 4 with Clare O'Kane,557.0,2026-08-20,Mike Mitchell,Mitch,5.0
Domino's 4 with Clare O'Kane,557.0,2026-08-20,Clare O'Kane,Guest,5.0
Domino’s with Matt Kowalick,10.0,2015-07-16,Nick Wiger,Nick,3.0
Domino’s with Matt Kowalick,10.0,2015-07-16,Mike Mitchell,Mitch,4.0
Domino’s with Matt Kowalick,10.0,2015-07-16,Matt Kowalick,Guest,4.0
Dough Zone with Mookie Blaiklock (live),356.0,2022-06-30,Nick Wiger,Nick,5.0
Dough Zone with Mookie Blaiklock (live),356.0,2022-06-30,Mike Mitchell,Mitch,5.0
Dough Zone with Mookie Blaiklock (live),356.0,2022-06-30,Mookie Blaiklock,Guest,5.0
Dunkin' 2 with Mookie Blaiklock,275.0,2020-10-29,Nick Wiger,Nick,4.0
Dunkin' 2 with Mookie Blaiklock,275.0,2020-10-29,Mike Mitchell,Mitch,5.0
Dunkin' 2 with Mookie Blaiklock,275.0,2020-10-29,Mookie Blaiklock,Guest,4.0
Dunkin' 2 with Mookie Blaiklock,275.0,2020-10-29,,Other,5.0
Dunkin' 3 with Alyssa Limperis,548.0,2026-06-11,Nick Wiger,Nick,4.0
Dunkin' 3 with Alyssa Limperis,548.0,2026-06-11,Mike Mitchell,Mitch,5.0
Dunkin' 3 with Alyssa Limperis,548.0,2026-06-11,Alyssa Limperis,Guest,5.0
Dunkin' Donuts with Joe Mande,114.0,2017-07-27,Nick Wiger,Nick,4.0
Dunkin' Donuts with Joe Mande,114.0,2017-07-27,Mike Mitchell,Mitch,5.0
Dunkin' Donuts with Joe Mande,114.0,2017-07-27,Joe Mande,Guest,4.0
ESPN Zone with Neil Campbell,125.0,2017-10-12,Nick Wiger,Nick,1.0
ESPN Zone with Neil Campbell,125.0,2017-10-12,Mike Mitchell,Mitch,1.75
ESPN Zone with Neil Campbell,125.0,2017-10-12,Neil Campbell,Guest,1.0
Eataly with Griffin Newman and David Sims,376.0,2022-11-17,Nick Wiger,Nick,4.0
Eataly with Griffin Newman and David Sims,376.0,2022-11-17,Mike Mitchell,Mitch,5.0
Eataly with Griffin Newman and David Sims,376.0,2022-11-17,Griffin Newman,Guest,4.5
Eataly with Griffin Newman and David Sims,376.0,2022-11-17,David Sims,Guest,4.0
Edible Arrangements with Marisa Pinson and David Neher,531.0,2026-02-12,Nick Wiger,Nick,4.0
Edible Arrangements with Marisa Pinson and David Neher,531.0,2026-02-12,Mike Mitchell,Mitch,4.0
Edible Arrangements with Marisa Pinson and David Neher,531.0,2026-02-12,David Neher,Guest,1.5
Edible Arrangements with Marisa Pinson and David Neher,531.0,2026-02-12,Marisa Pinson,Guest,4.0
Eggslut with Raiza Licea,432.0,2024-02-08,Nick Wiger,Nick,4.0
Eggslut with Raiza Licea,432.0,2024-02-08,Mike Mitchell,Mitch,3.5
Einstein Bros. Bagels with Tony Rodríguez,315.0,2021-08-26,Nick Wiger,Nick,3.0
Einstein Bros. Bagels with Tony Rodríguez,315.0,2021-08-26,Mike Mitchell,Mitch,4.0
El Farolito with Mookie Blaiklock (live),354.0,2022-06-16,Nick Wiger,Nick,5.0
El Farolito with Mookie Blaiklock (live),354.0,2022-06-16,Mike Mitchell,Mitch,5.0
El Farolito with Mookie Blaiklock (live),354.0,2022-06-16,Mookie Blaiklock,Guest,5.0
El Pollo Loco with Lamar Woods,122.0,2017-09-21,Nick Wiger,Nick,3.5
El Pollo Loco with Lamar Woods,122.0,2017-09-21,Mike Mitchell,Mitch,2.5
El Pollo Loco with Lamar Woods,122.0,2017-09-21,Lamar Woods,Guest,3.0
El Torito with Jack Allison,180.0,2018-11-15,Nick Wiger,Nick,4.0
El Torito with Jack Allison,180.0,2018-11-15,Mike Mitchell,Mitch,4.0
El Torito with Jack Allison,180.0,2018-11-15,Jack Allison,Guest,5.0
Endives with Jess Rona,458.0,2024-08-08,Nick Wiger,Nick,4.0
Endives with Jess Rona,458.0,2024-08-08,Mike Mitchell,Mitch,4.0
Endives with Jess Rona,458.0,2024-08-08,Jess Rona,Guest,5.0
Erewhon with Dan Lippert and Ryan Rosenberg,396.0,2023-05-04,Nick Wiger,Nick,3.0
Erewhon with Dan Lippert and Ryan Rosenberg,396.0,2023-05-04,Mike Mitchell,Mitch,2.5
Erewhon with Dan Lippert and Ryan Rosenberg,396.0,2023-05-04,Dan Lippert,Guest,1.0
Erewhon with Dan Lippert and Ryan Rosenberg,396.0,2023-05-04,Ryan Rosenberg,Guest,3.0
Ezell's with Toni Charline Ramos,238.0,2020-02-13,Nick Wiger,Nick,5.0
Ezell's with Toni Charline Ramos,238.0,2020-02-13,Mike Mitchell,Mitch,4.0
Ezell's with Toni Charline Ramos,238.0,2020-02-13,Toni Charline,Guest,4.17
Fat Burger 3 & Buffalo's Express with Whitmer Thomas,556.0,2026-08-13,Nick Wiger,Nick,4.5
Fat Burger 3 & Buffalo's Express with Whitmer Thomas,556.0,2026-08-13,Mike Mitchell,Mitch,4.5
Fat Burger 3 & Buffalo's Express with Whitmer Thomas,556.0,2026-08-13,Whitmer Thomas,Guest,4.5
Fat Sal's with Matt Christman,368.0,2022-09-22,Nick Wiger,Nick,2.5
Fat Sal's with Matt Christman,368.0,2022-09-22,Mike Mitchell,Mitch,3.0
Fat Sal's with Matt Christman,368.0,2022-09-22,Matt Christman,Guest,2.0
Fatburger 2 with Andrea Jin,398.0,2023-05-18,Nick Wiger,Nick,4.5
Fatburger 2 with Andrea Jin,398.0,2023-05-18,Mike Mitchell,Mitch,4.25
Fatburger 2 with Andrea Jin,398.0,2023-05-18,Andrea Jin,Guest,4.00000001
Fatburger with Yamara Taylor,62.0,2016-07-20,Nick Wiger,Nick,4.5
Fatburger with Yamara Taylor,62.0,2016-07-20,Mike Mitchell,Mitch,5.0
Fatburger with Yamara Taylor,62.0,2016-07-20,Yamara Taylor,Guest,4.5
Fazoli's with Mitra Jouhari,369.0,2022-09-29,Nick Wiger,Nick,4.0
Fazoli's with Mitra Jouhari,369.0,2022-09-29,Mike Mitchell,Mitch,4.0
Fazoli's with Mitra Jouhari,369.0,2022-09-29,Mitra Jouhari,Guest,4.0
Firehouse Subs 2 with Brandie Posey,547.0,2026-06-04,Nick Wiger,Nick,2.0
Firehouse Subs 2 with Brandie Posey,547.0,2026-06-04,Mike Mitchell,Mitch,3.0
Firehouse Subs 2 with Brandie Posey,547.0,2026-06-04,Brandie Posey,Guest,2.5
Firehouse Subs with Mary Sohn,159.0,2018-06-21,Nick Wiger,Nick,4.5
Firehouse Subs with Mary Sohn,159.0,2018-06-21,Mike Mitchell,Mitch,3.75
Firehouse Subs with Mary Sohn,159.0,2018-06-21,Mary Sohn,Guest,2.0
Five Guys 2 with Andy Daly,287.0,2021-02-11,Nick Wiger,Nick,3.5
Five Guys 2 with Andy Daly,287.0,2021-02-11,Mike Mitchell,Mitch,3.5
Five Guys 2 with Andy Daly,287.0,2021-02-11,Andy Daly,Guest,1.0
Five Guys with Jefferson Dutton,33.0,2016-01-14,Nick Wiger,Nick,4.0
Five Guys with Jefferson Dutton,33.0,2016-01-14,Mike Mitchell,Mitch,4.0
Five Guys with Jefferson Dutton,33.0,2016-01-14,Jefferson Dutton,Guest,3.5
Fogo de Chão with Candice King & Kayla Ewell,206.0,2019-06-06,Nick Wiger,Nick,3.0
Fogo de Chão with Candice King & Kayla Ewell,206.0,2019-06-06,Mike Mitchell,Mitch,3.25
Fogo de Chão with Candice King & Kayla Ewell,206.0,2019-06-06,Candice King,Guest,2.5
Fogo de Chão with Candice King & Kayla Ewell,206.0,2019-06-06,Kayla Ewell,Guest,3.5
Fosters Freeze with Holly Prazoff,132.0,2017-12-07,Nick Wiger,Nick,4.0
Fosters Freeze with Holly Prazoff,132.0,2017-12-07,Mike Mitchell,Mitch,4.0
Fosters Freeze with Holly Prazoff,132.0,2017-12-07,Holly Prazoff,Guest,5.0
Fresh Brothers with Chris McKay & Samantha Nisenboim,306.0,2021-06-24,Nick Wiger,Nick,4.0
Fresh Brothers with Chris McKay & Samantha Nisenboim,306.0,2021-06-24,Mike Mitchell,Mitch,3.5
Fresh Brothers with Chris McKay & Samantha Nisenboim,306.0,2021-06-24,Chris McKay,Guest,4.0
Fresh Brothers with Chris McKay & Samantha Nisenboim,306.0,2021-06-24,Samantha Nisenboim,Guest,2.75
Fuddruckers with Ryan Perez,27.0,2015-11-11,Nick Wiger,Nick,5.0
Fuddruckers with Ryan Perez,27.0,2015-11-11,Mike Mitchell,Mitch,4.0
Fuddruckers with Ryan Perez,27.0,2015-11-11,Ryan Perez,Guest,4.0
Ggiata Delicatessen with Vanessa Chester,532.0,2026-02-19,Nick Wiger,Nick,3.0
Ggiata Delicatessen with Vanessa Chester,532.0,2026-02-19,Mike Mitchell,Mitch,3.75
Ggiata Delicatessen with Vanessa Chester,532.0,2026-02-19,Vanessa Chester,Guest,3.5
Gino's East with Carmen Christopher,555.0,2026-08-06,Nick Wiger,Nick,4.0
Gino's East with Carmen Christopher,555.0,2026-08-06,Mike Mitchell,Mitch,3.5
Gino's East with Carmen Christopher,555.0,2026-08-06,Carmen Christopher,Guest,2.0
Golden Corral with Stoney Sharp,113.0,2017-07-20,Nick Wiger,Nick,4.0
Golden Corral with Stoney Sharp,113.0,2017-07-20,Mike Mitchell,Mitch,2.75
Golden Corral with Stoney Sharp,113.0,2017-07-20,Stoney Sharp,Guest,3.0
Golden Road Brewing with Jordan Morris,308.0,2021-07-08,Nick Wiger,Nick,4.0
Golden Road Brewing with Jordan Morris,308.0,2021-07-08,Mike Mitchell,Mitch,4.0
Golden Road Brewing with Jordan Morris,308.0,2021-07-08,Jordan Morris,Guest,4.0
Good Humor with Evan Susser,400.0,2023-06-01,Nick Wiger,Nick,5.0
Good Humor with Evan Susser,400.0,2023-06-01,Mike Mitchell,Mitch,5.0
Good Humor with Evan Susser,400.0,2023-06-01,Evan Susser,Guest,5.0
Good Times Burgers with Betsy Sodaro (Live),246.0,2020-04-09,Nick Wiger,Nick,4.5
Good Times Burgers with Betsy Sodaro (Live),246.0,2020-04-09,Mike Mitchell,Mitch,5.0
Good Times Burgers with Betsy Sodaro (Live),246.0,2020-04-09,Betsy Sodaro,Guest,5.0
Goop Kitchen with Luke Del Tredici,431.0,2024-02-01,Nick Wiger,Nick,4.0
Goop Kitchen with Luke Del Tredici,431.0,2024-02-01,Mike Mitchell,Mitch,4.0
Goop Kitchen with Luke Del Tredici,431.0,2024-02-01,Luke Del Tredici,Guest,4.5
"Gray's Papaya with Zach Cherry, Mike Hanford, & Tami Sagher",404.0,2023-06-29,Nick Wiger,Nick,4.5
"Gray's Papaya with Zach Cherry, Mike Hanford, & Tami Sagher",404.0,2023-06-29,Mike Mitchell,Mitch,5.0
"Gray's Papaya with Zach Cherry, Mike Hanford, & Tami Sagher",404.0,2023-06-29,Zach Cherry,Guest,4.0
"Gray's Papaya with Zach Cherry, Mike Hanford, & Tami Sagher",404.0,2023-06-29,Mike Hanford,Guest,5.0
"Gray's Papaya with Zach Cherry, Mike Hanford, & Tami Sagher",404.0,2023-06-29,Tami Sagher,Guest,4.25
Guisados with Lamar Woods,416.0,2023-09-21,Nick Wiger,Nick,6.0
Guisados with Lamar Woods,416.0,2023-09-21,Mike Mitchell,Mitch,6.0
Guisados with Lamar Woods,416.0,2023-09-21,Lamar Woods,Guest,4.0
Gus's World Famous Fried Chicken 2 with Sean Clements,554.0,2026-07-30,Nick Wiger,Nick,5.0
Gus's World Famous Fried Chicken 2 with Sean Clements,554.0,2026-07-30,Mike Mitchell,Mitch,5.0
Gus's World Famous Fried Chicken 2 with Sean Clements,554.0,2026-07-30,Sean Clements,Guest,5.0
Gus's World Famous Fried Chicken with Ben Gruber,157.0,2018-06-07,Nick Wiger,Nick,5.0
Gus's World Famous Fried Chicken with Ben Gruber,157.0,2018-06-07,Mike Mitchell,Mitch,4.0
Gus's World Famous Fried Chicken with Ben Gruber,157.0,2018-06-07,Ben Gruber,Guest,4.0
Guy Fieri's Flavortown Kitchen with Eva Anderson,300.0,2021-05-13,Nick Wiger,Nick,2.0
Guy Fieri's Flavortown Kitchen with Eva Anderson,300.0,2021-05-13,Mike Mitchell,Mitch,3.4
Guy Fieri's Flavortown Kitchen with Eva Anderson,300.0,2021-05-13,Eva Anderson,Guest,4.0
Guy’s American Kitchen with Christine Nangle (LIVE),123.0,2017-09-28,Nick Wiger,Nick,2.0
Guy’s American Kitchen with Christine Nangle (LIVE),123.0,2017-09-28,Mike Mitchell,Mitch,2.5
Guy’s American Kitchen with Christine Nangle (LIVE),123.0,2017-09-28,Christine Nangle,Guest,3.0
Habit Burger 2 with Bryan Quinby,537.0,2026-03-26,Nick Wiger,Nick,2.5
Habit Burger 2 with Bryan Quinby,537.0,2026-03-26,Mike Mitchell,Mitch,3.25
Habit Burger 2 with Bryan Quinby,537.0,2026-03-26,Bryan Quinby,Guest,2.5
Handel's with Aniz Adam Ansari,480.0,2025-01-30,Nick Wiger,Nick,5.0
Handel's with Aniz Adam Ansari,480.0,2025-01-30,Mike Mitchell,Mitch,4.5
Handel's with Aniz Adam Ansari,480.0,2025-01-30,Aniz Adam Ansari,Guest,4.5
Harold's Chicken Shack with Jacquis Neal,234.0,2020-01-16,Nick Wiger,Nick,4.5
Harold's Chicken Shack with Jacquis Neal,234.0,2020-01-16,Mike Mitchell,Mitch,4.5
Harold's Chicken Shack with Jacquis Neal,234.0,2020-01-16,Jacquis Neal,Guest,5.0
Harvey's with Shaun Diston,467.0,2024-10-10,Nick Wiger,Nick,3.5
Harvey's with Shaun Diston,467.0,2024-10-10,Mike Mitchell,Mitch,3.5
Harvey's with Shaun Diston,467.0,2024-10-10,Shaun Diston,Guest,4.0
Hattie B's with Carl Tart (LIVE),204.0,2019-05-23,Nick Wiger,Nick,4.0
Hattie B's with Carl Tart (LIVE),204.0,2019-05-23,Mike Mitchell,Mitch,5.0
Hattie B's with Carl Tart (LIVE),204.0,2019-05-23,Carl Tart,Guest,4.0
Hillstone with David Phillips,50.0,2016-04-28,Nick Wiger,Nick,5.0
Hillstone with David Phillips,50.0,2016-04-28,Mike Mitchell,Mitch,5.0
Hillstone with David Phillips,50.0,2016-04-28,David Phillips,Guest,5.0
Hokkaido Ramen Santouka with Jeff Kenji Sloniker,57.0,2016-06-16,Nick Wiger,Nick,4.0
Hokkaido Ramen Santouka with Jeff Kenji Sloniker,57.0,2016-06-16,Mike Mitchell,Mitch,5.0
Hokkaido Ramen Santouka with Jeff Kenji Sloniker,57.0,2016-06-16,Jeff Kenji Sloniker,Guest,5.0
HomeState with Stephanie Beatriz,408.0,2023-07-27,Nick Wiger,Nick,5.0
HomeState with Stephanie Beatriz,408.0,2023-07-27,Mike Mitchell,Mitch,5.0
HomeState with Stephanie Beatriz,408.0,2023-07-27,Stephanie Beatriz,Guest,5.0
HomeTown Buffet with Toni Charline,120.0,2017-09-07,Nick Wiger,Nick,1.0
HomeTown Buffet with Toni Charline,120.0,2017-09-07,Mike Mitchell,Mitch,1.0
HomeTown Buffet with Toni Charline,120.0,2017-09-07,Toni Charline,Guest,2.0
Honeybaked Ham with Kevin T. Porter,247.0,2020-04-16,Nick Wiger,Nick,4.0
Honeybaked Ham with Kevin T. Porter,247.0,2020-04-16,Mike Mitchell,Mitch,3.75
Honeybaked Ham with Kevin T. Porter,247.0,2020-04-16,Kevin T. Porter,Guest,4.0
Honeybee Burger with Mort Burke,392.0,2023-04-06,Nick Wiger,Nick,4.0
Honeybee Burger with Mort Burke,392.0,2023-04-06,Mike Mitchell,Mitch,4.0
Honeybee Burger with Mort Burke,392.0,2023-04-06,Fork Burp,Other,4.0
Hooters with Kulap Vilaysack,80.0,2016-12-08,Nick Wiger,Nick,2.0
Hooters with Kulap Vilaysack,80.0,2016-12-08,Mike Mitchell,Mitch,2.5
Hooters with Kulap Vilaysack,80.0,2016-12-08,Kulap Vilaysack,Guest,2.0
Hot Dog On A Stick with Paul F. Tompkins,366.0,2022-09-08,Nick Wiger,Nick,4.0
Hot Dog On A Stick with Paul F. Tompkins,366.0,2022-09-08,Mike Mitchell,Mitch,4.0
Hot Dog On A Stick with Paul F. Tompkins,366.0,2022-09-08,Paul F. Tompkins,Guest,4.0
Houston's with Elena Crevello and Chelsea Davison,533.0,2026-02-26,Nick Wiger,Nick,5.0
Houston's with Elena Crevello and Chelsea Davison,533.0,2026-02-26,Mike Mitchell,Mitch,5.0
Houston's with Elena Crevello and Chelsea Davison,533.0,2026-02-26,Elena Crevello,Guest,5.0
Houston's with Elena Crevello and Chelsea Davison,533.0,2026-02-26,Chelsea Davison,Guest,4.0
Howlin' Rays with Kumail Nanjiani,411.0,2023-08-17,Nick Wiger,Nick,5.0
Howlin' Rays with Kumail Nanjiani,411.0,2023-08-17,Mike Mitchell,Mitch,5.0
Howlin' Rays with Kumail Nanjiani,411.0,2023-08-17,Kumail Nanjiani,Guest,4.0
Hungry Howies with Joe Kwaczala,417.0,2023-09-27,Nick Wiger,Nick,2.5
Hungry Howies with Joe Kwaczala,417.0,2023-09-27,Mike Mitchell,Mitch,2.25
Hungry Howies with Joe Kwaczala,417.0,2023-09-27,Joe Kwaczala,Guest,3.75
Hungry Howies with Joe Kwaczala,417.0,2023-09-27,Becky Feldman,Guest,3.0
IHOP 2 with Danny Jelinek,115.0,2017-08-03,Nick Wiger,Nick,4.0
IHOP 2 with Danny Jelinek,115.0,2017-08-03,Mike Mitchell,Mitch,3.25
IHOP 2 with Danny Jelinek,115.0,2017-08-03,Danny Jelinek,Guest,3.5
IHOP 4 with Dan Ahdoot,271.0,2020-10-01,Nick Wiger,Nick,2.5
IHOP 4 with Dan Ahdoot,271.0,2020-10-01,Mike Mitchell,Mitch,3.0
IHOP 4 with Dan Ahdoot,271.0,2020-10-01,Dan Ahdoot,Guest,2.0
IHOP 6: Sonic Menu with Bryan Quinby,448.0,2024-05-30,Nick Wiger,Nick,4.0
IHOP 6: Sonic Menu with Bryan Quinby,448.0,2024-05-30,Mike Mitchell,Mitch,4.0
IHOP 6: Sonic Menu with Bryan Quinby,448.0,2024-05-30,Bryan Quinby,Guest,2.0
IHOP Xbox Indiana Jones Menu with Mary Holland,475.0,2024-12-12,Nick Wiger,Nick,3.5
IHOP Xbox Indiana Jones Menu with Mary Holland,475.0,2024-12-12,Mike Mitchell,Mitch,4.0
IHOP Xbox Indiana Jones Menu with Mary Holland,475.0,2024-12-12,Mary Holland,Guest,2.5
IKEA with Dave Thomason,105.0,2017-05-25,Nick Wiger,Nick,4.0
IKEA with Dave Thomason,105.0,2017-05-25,Mike Mitchell,Mitch,3.0
IKEA with Dave Thomason,105.0,2017-05-25,Dave Thomason,Guest,5.0
Ike's with Spencer Crittenden (LIVE),142.0,2018-02-22,Nick Wiger,Nick,4.5
Ike's with Spencer Crittenden (LIVE),142.0,2018-02-22,Mike Mitchell,Mitch,4.5
Ike's with Spencer Crittenden (LIVE),142.0,2018-02-22,Spencer Crittenden,Guest,5.0
In-N-Out Burger 2 with ???,90.0,2017-02-23,Nick Wiger,Nick,5.0
In-N-Out Burger 2 with ???,90.0,2017-02-23,Mike Mitchell,Mitch,4.5
In-N-Out Burger 3 with Rob Lowe,269.0,2020-09-17,Nick Wiger,Nick,5.0
In-N-Out Burger 3 with Rob Lowe,269.0,2020-09-17,Mike Mitchell,Mitch,5.0
In-N-Out Burger 3 with Rob Lowe,269.0,2020-09-17,Rob Lowe,Guest,5.0
In-N-Out Burger 4 with Martin Starr,540.0,2026-04-16,Nick Wiger,Nick,5.0
In-N-Out Burger 4 with Martin Starr,540.0,2026-04-16,Mike Mitchell,Mitch,5.0
In-N-Out Burger 4 with Martin Starr,540.0,2026-04-16,Martin Starr,Guest,5.0
In-N-Out Burger with Armen Weitzman,16.0,2015-08-27,Nick Wiger,Nick,5.0
In-N-Out Burger with Armen Weitzman,16.0,2015-08-27,Mike Mitchell,Mitch,5.0
In-N-Out Burger with Armen Weitzman,16.0,2015-08-27,Armen Weitzman,Guest,5.0
Insomnia Cookies with Mary Sohn,320.0,2021-09-30,Nick Wiger,Nick,4.5
Insomnia Cookies with Mary Sohn,320.0,2021-09-30,Mike Mitchell,Mitch,4.5
Insomnia Cookies with Mary Sohn,320.0,2021-09-30,Mary Sohn,Guest,5.0
Irv's Burgers with Sam Brown,445.0,2024-05-09,Nick Wiger,Nick,5.0
Irv's Burgers with Sam Brown,445.0,2024-05-09,Mike Mitchell,Mitch,4.0
Irv's Burgers with Sam Brown,445.0,2024-05-09,Sam Brown,Guest,4.0
Ivar's Acres of Clams with Mookie Blaiklock (live),355.0,2022-06-23,Nick Wiger,Nick,1.5
Ivar's Acres of Clams with Mookie Blaiklock (live),355.0,2022-06-23,Mike Mitchell,Mitch,2.0
Ivar's Acres of Clams with Mookie Blaiklock (live),355.0,2022-06-23,Mookie Blaiklock,Guest,2.0
Jack in the Box 2 with Don't Stop or We'll Die,382.0,2023-01-26,Nick Wiger,Nick,4.0
Jack in the Box 2 with Don't Stop or We'll Die,382.0,2023-01-26,Mike Mitchell,Mitch,4.0
Jack in the Box 2 with Don't Stop or We'll Die,382.0,2023-01-26,Paul Rust,Guest,3.5
Jack in the Box 2 with Don't Stop or We'll Die,382.0,2023-01-26,Michael Cassady,Guest,3.75
Jack in the Box 3 with Johnny Pemberton,530.0,2026-02-05,Nick Wiger,Nick,4.0
Jack in the Box 3 with Johnny Pemberton,530.0,2026-02-05,Mike Mitchell,Mitch,2.5
Jack in the Box 3 with Johnny Pemberton,530.0,2026-02-05,Johnny Pemberton,Guest,4.0
Jack in the Box with Spencer Crittenden,81.0,2016-12-08,Nick Wiger,Nick,5.0
Jack in the Box with Spencer Crittenden,81.0,2016-12-08,Mike Mitchell,Mitch,3.5
Jack in the Box with Spencer Crittenden,81.0,2016-12-08,Spencer Crittenden,Guest,3.5
Jamba Juice with Dylan Gelula,98.0,2017-04-06,Nick Wiger,Nick,2.0
Jamba Juice with Dylan Gelula,98.0,2017-04-06,Mike Mitchell,Mitch,2.5
Jamba Juice with Dylan Gelula,98.0,2017-04-06,Dylan Gelula,Guest,1.0
Jeni's Splendid Ice Creams 2 with Stephanie Beatriz and Michael Jonathan Smith,506.0,2025-07-31,Nick Wiger,Nick,4.5
Jeni's Splendid Ice Creams 2 with Stephanie Beatriz and Michael Jonathan Smith,506.0,2025-07-31,Mike Mitchell,Mitch,5.0
Jeni's Splendid Ice Creams 2 with Stephanie Beatriz and Michael Jonathan Smith,506.0,2025-07-31,Stephanie Beatriz,Guest,4.25
Jeni's Splendid Ice Creams 2 with Stephanie Beatriz and Michael Jonathan Smith,506.0,2025-07-31,Michael Jonathan Smith,Guest,4.0
Jeni's Splendid Ice Creams with Lilan Bowden,384.0,2023-02-09,Nick Wiger,Nick,5.0
Jeni's Splendid Ice Creams with Lilan Bowden,384.0,2023-02-09,Mike Mitchell,Mitch,5.0
Jeni's Splendid Ice Creams with Lilan Bowden,384.0,2023-02-09,Lilan Bowden,Guest,5.0
Jersey Mike's 2 with Jon Daly,283.0,2021-01-14,Nick Wiger,Nick,4.5
Jersey Mike's 2 with Jon Daly,283.0,2021-01-14,Mike Mitchell,Mitch,4.0
Jersey Mike's 2 with Jon Daly,283.0,2021-01-14,Jon Daly,Guest,4.0
Jersey Mike's with Drew Tarver,107.0,2017-06-07,Nick The GodBurger Wiger,Nick,3.5
Jersey Mike's with Drew Tarver,107.0,2017-06-07,Jersey Mitch,Mitch,3.5
Jersey Mike's with Drew Tarver,107.0,2017-06-07,Drew Tarver,Guest,4.0
Jimmy John's 2 with Mary Sohn,446.0,2024-05-16,Nick Wiger,Nick,4.0
Jimmy John's 2 with Mary Sohn,446.0,2024-05-16,Mike Mitchell,Mitch,3.5
Jimmy John's 2 with Mary Sohn,446.0,2024-05-16,Mary Sohn,Guest,4.5
Jimmy John's with Lauren Lapkus,99.0,2017-04-13,Nick Wiger,Nick,3.5
Jimmy John's with Lauren Lapkus,99.0,2017-04-13,Mike Mitchell,Mitch,2.5
Jimmy John's with Lauren Lapkus,99.0,2017-04-13,Lauren Lapkus,Guest,4.0
Johnny Rockets with Esther Povitsky,169.0,2018-08-30,Nick Wiger,Nick,2.0
Johnny Rockets with Esther Povitsky,169.0,2018-08-30,Mike Mitchell,Mitch,3.0
Johnny Rockets with Esther Povitsky,169.0,2018-08-30,Esther Povitsky,Guest,3.0
Jollibee 2 with John Early and Claudia O'Doherty,401.0,2023-06-08,Nick Wiger,Nick,4.0
Jollibee 2 with John Early and Claudia O'Doherty,401.0,2023-06-08,Mike Mitchell,Mitch,5.0
Jollibee 2 with John Early and Claudia O'Doherty,401.0,2023-06-08,John Early,Guest,4.25
Jollibee 2 with John Early and Claudia O'Doherty,401.0,2023-06-08,Claudia O'Doherty,Guest,4.5
Jollibee with Jonah Ray,56.0,2016-06-09,Nick Wiger,Nick,3.0
Jollibee with Jonah Ray,56.0,2016-06-09,Mike Mitchell,Mitch,2.75
Jollibee with Jonah Ray,56.0,2016-06-09,Jonah Ray,Guest,2.5
KFC 2 with Lauren Ash and Christy Oxborrow,289.0,2021-02-25,Nick Wiger,Nick,2.0
KFC 2 with Lauren Ash and Christy Oxborrow,289.0,2021-02-25,Mike Mitchell,Mitch,2.0
KFC 2 with Lauren Ash and Christy Oxborrow,289.0,2021-02-25,Lauren Ash,Guest,2.0
KFC 2 with Lauren Ash and Christy Oxborrow,289.0,2021-02-25,Christy Oxborrow,Guest,2.5
KFC 4 with Cullen Crawford,528.0,2026-01-22,Nick Wiger,Nick,4.0
KFC 4 with Cullen Crawford,528.0,2026-01-22,Mike Mitchell,Mitch,4.25
KFC 4 with Cullen Crawford,528.0,2026-01-22,Cullen Crawford,Guest,4.0
KFC Beyond with Mike Sacks,335.0,2022-02-03,Nick Wiger,Nick,4.0
KFC Beyond with Mike Sacks,335.0,2022-02-03,Mike Mitchell,Mitch,3.5
KFC Beyond with Mike Sacks,335.0,2022-02-03,Mike Sacks,Guest,3.5
KFC Bowls with Carmen Christopher,481.0,2025-02-06,Nick Wiger,Nick,3.0
KFC Bowls with Carmen Christopher,481.0,2025-02-06,Mike Mitchell,Mitch,4.0
KFC Bowls with Carmen Christopher,481.0,2025-02-06,Carmen Christopher,Guest,1.0
KFC with Paul F. Tompkins,119.0,2017-08-31,Nick Wiger,Nick,4.0
KFC with Paul F. Tompkins,119.0,2017-08-31,Mike Mitchell,Mitch,3.5
KFC with Paul F. Tompkins,119.0,2017-08-31,Paul F. Tompkins,Guest,4.0
KazuNori with Joanna Calo,402.0,2023-06-15,Nick Wiger,Nick,4.25
KazuNori with Joanna Calo,402.0,2023-06-15,Mike Mitchell,Mitch,4.25
KazuNori with Joanna Calo,402.0,2023-06-15,Joanna Calo,Guest,4.5
Kelly's Roast Beef with Jon Gabrus and Carl Tart (live),351.0,2022-05-26,Nick Wiger,Nick,3.5
Kelly's Roast Beef with Jon Gabrus and Carl Tart (live),351.0,2022-05-26,Mike Mitchell,Mitch,5.0
Kelly's Roast Beef with Jon Gabrus and Carl Tart (live),351.0,2022-05-26,Jon Gabrus,Guest,3.5
Kelly's Roast Beef with Jon Gabrus and Carl Tart (live),351.0,2022-05-26,Carl Tart,Guest,3.12
Kopp's Frozen Custard with Marisa Pinson (live),363.0,2022-08-18,Nick Wiger,Nick,4.5
Kopp's Frozen Custard with Marisa Pinson (live),363.0,2022-08-18,Mike Mitchell,Mitch,4.5
Kopp's Frozen Custard with Marisa Pinson (live),363.0,2022-08-18,Marisa Pinson,Guest,4.5
Kreation Organic with Jackie Johnson,326.0,2021-11-11,Nick Wiger,Nick,3.0
Kreation Organic with Jackie Johnson,326.0,2021-11-11,Mike Mitchell,Mitch,2.0
Kreation Organic with Jackie Johnson,326.0,2021-11-11,Jackie Johnson,Guest,3.0
Krispy Kreme 2 with Sam Sanders,377.0,2022-12-01,Nick Wiger,Nick,4.25
Krispy Kreme 2 with Sam Sanders,377.0,2022-12-01,Mike Mitchell,Mitch,4.0
Krispy Kreme 2 with Sam Sanders,377.0,2022-12-01,Sam Sanders,Guest,6.0
Krispy Kreme with Matt Besser,35.0,2016-01-28,Nick Wiger,Nick,3.5
Krispy Kreme with Matt Besser,35.0,2016-01-28,Mike Mitchell,Mitch,3.0
Krispy Kreme with Matt Besser,35.0,2016-01-28,Matt Besser,Guest,5.0
Krispy Kreme x Pop-tarts with Jess McKenna,479.0,2025-01-23,Nick Wiger,Nick,4.0
Krispy Kreme x Pop-tarts with Jess McKenna,479.0,2025-01-23,Mike Mitchell,Mitch,4.0
Krispy Kreme x Pop-tarts with Jess McKenna,479.0,2025-01-23,Jess McKenna,Guest,4.0
Krispy Kreme x Pop-tarts with Jess McKenna,479.0,2025-01-23,Evan Susser,Other,4.0
Kroger with Dave King and Esther Povitsky,262.0,2020-07-30,Nick Wiger,Nick,4.0
Kroger with Dave King and Esther Povitsky,262.0,2020-07-30,Mike Mitchell,Mitch,2.5
Kroger with Dave King and Esther Povitsky,262.0,2020-07-30,Dave King,Guest,3.0
Kroger with Dave King and Esther Povitsky,262.0,2020-07-30,Esther Povitsky,Guest,3.0
Krusty Burger with Henry Gilbert and Bob Mackey,472.0,2024-11-14,Nick Wiger,Nick,3.0
Krusty Burger with Henry Gilbert and Bob Mackey,472.0,2024-11-14,Mike Mitchell,Mitch,4.0
Krusty Burger with Henry Gilbert and Bob Mackey,472.0,2024-11-14,Henry Gilbert,Guest,3.0
Krusty Burger with Henry Gilbert and Bob Mackey,472.0,2024-11-14,Bob Mackey,Guest,3.0
Kura with Jesse Farrar and Mike Hale,397.0,2023-05-11,Nick Wiger,Nick,4.0
Kura with Jesse Farrar and Mike Hale,397.0,2023-05-11,Mike Mitchell,Mitch,4.0
Kura with Jesse Farrar and Mike Hale,397.0,2023-05-11,Jesse Farrar,Guest,4.5
Kura with Jesse Farrar and Mike Hale,397.0,2023-05-11,Mike Hale,Guest,5.0
L&L Hawaiian Barbecue with Eugene Cordero,21.0,2015-10-01,Nick Wiger,Nick,4.0
L&L Hawaiian Barbecue with Eugene Cordero,21.0,2015-10-01,Mike Mitchell,Mitch,4.0
L&L Hawaiian Barbecue with Eugene Cordero,21.0,2015-10-01,Eugene Cordero,Guest,4.5
La Colombe with Vic Michaelis,527.0,2026-01-15,Nick Wiger,Nick,3.0
La Colombe with Vic Michaelis,527.0,2026-01-15,Mike Mitchell,Mitch,2.0
La Colombe with Vic Michaelis,527.0,2026-01-15,Vic Michaelis,Guest,2.0
Le Pain Quotidien 2 with Christine Nangle,516.0,2025-10-09,Nick Wiger,Nick,2.0
Le Pain Quotidien 2 with Christine Nangle,516.0,2025-10-09,Mike Mitchell,Mitch,1.5
Le Pain Quotidien 2 with Christine Nangle,516.0,2025-10-09,Christine Nangle,Guest,2.0
Le Pain Quotidien with Johnny Pemberton,212.0,2019-07-18,Nick Wiger,Nick,3.5
Le Pain Quotidien with Johnny Pemberton,212.0,2019-07-18,Mike Mitchell,Mitch,3.75
Le Pain Quotidien with Johnny Pemberton,212.0,2019-07-18,Johnny Pemberton,Guest,4.0
Ledo Pizza with Jamelle Bouie & Tami Sagher,403.0,2023-06-22,Nick Wiger,Nick,3.0
Ledo Pizza with Jamelle Bouie & Tami Sagher,403.0,2023-06-22,Mike Mitchell,Mitch,4.0
Ledo Pizza with Jamelle Bouie & Tami Sagher,403.0,2023-06-22,Jamelle Bouie,Guest,2.5
Ledo Pizza with Jamelle Bouie & Tami Sagher,403.0,2023-06-22,Tami Sagher,Guest,2.5
Lee's Sandwiches with Ify Nwadiwe,216.0,2019-08-15,Nick Wiger,Nick,4.0
Lee's Sandwiches with Ify Nwadiwe,216.0,2019-08-15,Mike Mitchell,Mitch,3.75
Lee's Sandwiches with Ify Nwadiwe,216.0,2019-08-15,Ify Nwadiwe,Guest,5.0
Lemonade with Jessica McKenna,331.0,2022-01-06,Nick Wiger,Nick,3.5
Lemonade with Jessica McKenna,331.0,2022-01-06,Mike Mitchell,Mitch,3.75
Lemonade with Jessica McKenna,331.0,2022-01-06,Jessica McKenna,Guest,3.5
Little Caesars 2 with Marisa Pinson and David Neher,317.0,2021-09-09,Nick Wiger,Nick,4.5
Little Caesars 2 with Marisa Pinson and David Neher,317.0,2021-09-09,Mike Mitchell,Mitch,3.25
Little Caesars 2 with Marisa Pinson and David Neher,317.0,2021-09-09,Dave Neher,Guest,3.0
Little Caesars 3 with Johnno Wilson,477.0,2025-01-09,Nick Wiger,Nick,4.5
Little Caesars 3 with Johnno Wilson,477.0,2025-01-09,Mike Mitchell,Mitch,5.0
Little Caesars 3 with Johnno Wilson,477.0,2025-01-09,Johnno Wilson,Guest,4.5
Little Caesars 5 with Kimmy Gatewood,553.0,2026-07-23,Nick Wiger,Nick,4.0
Little Caesars 5 with Kimmy Gatewood,553.0,2026-07-23,Mike Mitchell,Mitch,5.0
Little Caesars 5 with Kimmy Gatewood,553.0,2026-07-23,Kimmy Gatewood,Guest,3.5
Little Caesars with John Ross Bowie,191.0,2019-02-21,Nick Wiger,Nick,5.0
Little Caesars with John Ross Bowie,191.0,2019-02-21,Mike Mitchell,Mitch,4.25
Little Caesars with John Ross Bowie,191.0,2019-02-21,John Ross Bowie,Guest,4.0
Long John Silver's with Mary Holland,5.0,2015-06-11,Nick Wiger,Nick,2.0
Long John Silver's with Mary Holland,5.0,2015-06-11,Mike Mitchell,Mitch,2.5
Long John Silver's with Mary Holland,5.0,2015-06-11,Mary Holland,Guest,4.0
Lou Malnati's with Jon Gabrus & Christine Nangle (LIVE),199.0,2019-04-18,Nick Wiger,Nick,4.0
Lou Malnati's with Jon Gabrus & Christine Nangle (LIVE),199.0,2019-04-18,Mike Mitchell,Mitch,5.0
Lou Malnati's with Jon Gabrus & Christine Nangle (LIVE),199.0,2019-04-18,Jon Gabrus,Guest,3.0
Lou Malnati's with Jon Gabrus & Christine Nangle (LIVE),199.0,2019-04-18,Christine Nangle,Guest,4.0
Lucifers Pizza with Eva Anderson,420.0,2023-10-19,Luigi Wiger,Nick,3.0
Lucifers Pizza with Eva Anderson,420.0,2023-10-19,Mario Mitchell,Mitch,3.75
Lucifers Pizza with Eva Anderson,420.0,2023-10-19,Bart Anderson,Guest,3.0
MIXT with Ryan Perez,381.0,2023-01-19,Nick Wiger,Nick,3.0
MIXT with Ryan Perez,381.0,2023-01-19,Mike Mitchell,Mitch,2.5
MIXT with Ryan Perez,381.0,2023-01-19,Ryan Perez,Guest,2.5
MOD Pizza with Cody Ziglar,316.0,2021-09-02,Nick Wiger,Nick,2.5
MOD Pizza with Cody Ziglar,316.0,2021-09-02,Mike Mitchell,Mitch,2.5
MOD Pizza with Cody Ziglar,316.0,2021-09-02,Cody Ziglar,Guest,2.5
Maggiano's Little Italy with Kevin Pollack,178.0,2018-11-01,Nick Wiger,Nick,3.5
Maggiano's Little Italy with Kevin Pollack,178.0,2018-11-01,Mike Mitchell,Mitch,3.5
Maggiano's Little Italy with Kevin Pollack,178.0,2018-11-01,Kevin Pollack,Guest,3.25
Maggiano's Little Italy with Kevin Pollack,178.0,2018-11-01,Jaime Fox,Guest,3.0
Marco's Pizza with Jon Daly,256.0,2020-06-18,Nick Wiger,Nick,3.0
Marco's Pizza with Jon Daly,256.0,2020-06-18,Mike Mitchell,Mitch,4.0
Marco's Pizza with Jon Daly,256.0,2020-06-18,Jon Daly,Guest,2.75
Marie Callender's with Scott Aukerman,221.0,2019-09-19,Nick Wiger,Nick,3.25
Marie Callender's with Scott Aukerman,221.0,2019-09-19,Mike Mitchell,Mitch,3.25
Marie Callender's with Scott Aukerman,221.0,2019-09-19,Scott Aukerman,Guest,5.0
McDonald's Canada with Mike Hanford,470.0,2024-10-31,Nick Wiger,Nick,5.0
McDonald's Canada with Mike Hanford,470.0,2024-10-31,Mike Mitchell,Mitch,5.0
McDonald's Canada with Mike Hanford,470.0,2024-10-31,Mike Hanford,Guest,5.0
McDonald's Ice Cream with Samoa Joe,510.0,2025-08-28,Nick Wiger,Nick,4.0
McDonald's Ice Cream with Samoa Joe,510.0,2025-08-28,Mike Mitchell,Mitch,5.0
McDonald's Ice Cream with Samoa Joe,510.0,2025-08-28,Samoa Joe,Guest,5.0
McDonald's with Sarah Silverman,184.0,2018-12-20,Nick Wiger,Nick,5.0
McDonald's with Sarah Silverman,184.0,2018-12-20,Mike Mitchell,Mitch,5.0
McDonald's with Sarah Silverman,184.0,2018-12-20,Sarah Silverman,Guest,5.0
McPlant with Eric Edelstein,329.0,2021-12-09,Nick Wiger,Nick,4.0
McPlant with Eric Edelstein,329.0,2021-12-09,Mike Mitchell,Mitch,4.0
Medieval Times with Mary Holland and Matt Newell,126.0,2017-10-19,Nick Wiger,Nick,5.0
Medieval Times with Mary Holland and Matt Newell,126.0,2017-10-19,Mike Mitchell,Mitch,4.5
Medieval Times with Mary Holland and Matt Newell,126.0,2017-10-19,Matt Newell,Guest,5.0
Medieval Times with Mary Holland and Matt Newell,126.0,2017-10-19,Mary Holland,Guest,5.0
Mel's Drive-In with Jon Gabrus (LIVE),163.0,2018-07-19,Nick Wiger,Nick,2.5
Mel's Drive-In with Jon Gabrus (LIVE),163.0,2018-07-19,Mike Mitchell,Mitch,4.0
Mel's Drive-In with Jon Gabrus (LIVE),163.0,2018-07-19,Jon Gabrus,Guest,3.0
Menchie's with Jackie Johnson,172.0,2018-09-20,Nick Wiger,Nick,4.0
Menchie's with Jackie Johnson,172.0,2018-09-20,Mike Mitchell,Mitch,4.0
Menchie's with Jackie Johnson,172.0,2018-09-20,Jackie Johnson,Guest,4.0
Mendocino Farms with Avital Ash,313.0,2021-08-12,Nick Wiger,Nick,4.5
Mendocino Farms with Avital Ash,313.0,2021-08-12,Mike Mitchell,Mitch,4.5
Mendocino Farms with Avital Ash,313.0,2021-08-12,Avital Ash,Guest,4.0
Milk Bar with Lisa Gilroy,424.0,2023-11-16,Nick Wiger,Nick,3.0
Milk Bar with Lisa Gilroy,424.0,2023-11-16,Mike Mitchell,Mitch,3.0
Milk Bar with Lisa Gilroy,424.0,2023-11-16,Lisa Gilroy,Guest,3.0
Mimi’s Cafe with Georgia Hardstark,38.0,2016-02-18,Nick Wiger,Nick,4.3
Mimi’s Cafe with Georgia Hardstark,38.0,2016-02-18,Mike Mitchell,Mitch,3.0
Mimi’s Cafe with Georgia Hardstark,38.0,2016-02-18,Georgia Hardstark,Guest,3.0
Monty's Good Burger with Evan Susser,330.0,2021-12-16,Nick Wiger,Nick,5.0
Monty's Good Burger with Evan Susser,330.0,2021-12-16,Mike Mitchell,Mitch,5.0
Monty's Good Burger with Evan Susser,330.0,2021-12-16,Evan Susser,Guest,3.75
Mooby's with Eva Anderson,266.0,2020-08-27,Nick Wiger,Nick,0.5
Mooby's with Eva Anderson,266.0,2020-08-27,Mike Mitchell,Mitch,1.0
Morton’s The Steakhouse with Tim Kalpakis,52.0,2016-05-12,Nick Wiger,Nick,5.0
Morton’s The Steakhouse with Tim Kalpakis,52.0,2016-05-12,Mike Mitchell,Mitch,5.0
Morton’s The Steakhouse with Tim Kalpakis,52.0,2016-05-12,Tim Kalpakis,Guest,5.0
Mr. Charlie's Told Me So with Jackie Johnson,442.0,2024-04-18,Nick Wiger,Nick,4.0
Mr. Charlie's Told Me So with Jackie Johnson,442.0,2024-04-18,Mike Mitchell,Mitch,4.0
Mr. Charlie's Told Me So with Jackie Johnson,442.0,2024-04-18,Jackie Johnson,Guest,4.0
Mr. Pizza with Jesse Thorn,102.0,2017-05-04,Nick Wiger,Nick,3.0
Mr. Pizza with Jesse Thorn,102.0,2017-05-04,Mike Mitchell,Mitch,2.0
Mr. Pizza with Jesse Thorn,102.0,2017-05-04,Jesse Thorn,Guest,2.5
MrBeast Burger with Jason Concepcion,297.0,2021-04-22,Nick Wiger,Nick,2.5
MrBeast Burger with Jason Concepcion,297.0,2021-04-22,Mike Mitchell,Mitch,2.0
MrBeast Burger with Jason Concepcion,297.0,2021-04-22,Jason Concepcion,Guest,2.0
Mrs. Fields with Matt Singer,484.0,2025-02-27,Nick Wiger,Nick,3.5
Mrs. Fields with Matt Singer,484.0,2025-02-27,Mike Mitchell,Mitch,3.5
Mrs. Fields with Matt Singer,484.0,2025-02-27,Matt Singer,Guest,3.5
"Nathan's Famous with Jon Gabrus, Mike Hanford & Griffin Newman (live)",324.0,2021-10-28,Nick Wiger,Nick,3.0
"Nathan's Famous with Jon Gabrus, Mike Hanford & Griffin Newman (live)",324.0,2021-10-28,Mike Mitchell,Mitch,2.5
"Nathan's Famous with Jon Gabrus, Mike Hanford & Griffin Newman (live)",324.0,2021-10-28,Jon Gabrus,Guest,2.5
"Nathan's Famous with Jon Gabrus, Mike Hanford & Griffin Newman (live)",324.0,2021-10-28,Mike Hanford,Guest,5.0
"Nathan's Famous with Jon Gabrus, Mike Hanford & Griffin Newman (live)",324.0,2021-10-28,Griffin Newman,Guest,3.0
Native Foods with Tawny Newsome & Alex Kliner,192.0,2019-02-28,Nick Wiger,Nick,2.0
Native Foods with Tawny Newsome & Alex Kliner,192.0,2019-02-28,Mike Mitchell,Mitch,2.0
Native Foods with Tawny Newsome & Alex Kliner,192.0,2019-02-28,Tawny Newsome,Guest,2.0
Native Foods with Tawny Newsome & Alex Kliner,192.0,2019-02-28,Alex Kliner,Guest,2.5
Naturewell with Ben Rodgers,538.0,2026-04-02,Nick Wiger,Nick,4.5
Naturewell with Ben Rodgers,538.0,2026-04-02,Mike Mitchell,Mitch,4.0
Naturewell with Ben Rodgers,538.0,2026-04-02,Ben Rodgers,Guest,4.0
Nick the Greek with Becky Feldman,429.0,2024-01-18,Nick Wiger,Nick,3.0
Nick the Greek with Becky Feldman,429.0,2024-01-18,Mike Mitchell,Mitch,3.25
Nick the Greek with Becky Feldman,429.0,2024-01-18,Becky Feldman,Guest,2.5
Noah's New York Bagels with Jennie Pierson,231.0,2019-12-05,Nick Wiger,Nick,3.0
Noah's New York Bagels with Jennie Pierson,231.0,2019-12-05,Mike Mitchell,Mitch,3.0
Noah's New York Bagels with Jennie Pierson,231.0,2019-12-05,Jennie Pierson,Guest,2.5
Nordstrom's Bar Verde with Jordan Morris,454.0,2024-07-11,Nick Wiger,Nick,4.0
Nordstrom's Bar Verde with Jordan Morris,454.0,2024-07-11,Mike Mitchell,Mitch,4.0
Nordstrom's Bar Verde with Jordan Morris,454.0,2024-07-11,Jordan Morris,Guest,3.0
Norms with Jordan Morris,160.0,2018-06-28,Nick Wiger,Nick,4.0
Norms with Jordan Morris,160.0,2018-06-28,Mike Mitchell,Mitch,3.15
Norms with Jordan Morris,160.0,2018-06-28,Jordan Morris,Guest,4.0
Nothing Bundt Cakes with Becky Feldman,361.0,2022-08-04,Nick Wiger,Nick,4.0
Nothing Bundt Cakes with Becky Feldman,361.0,2022-08-04,Mike Mitchell,Mitch,3.75
Nothing Bundt Cakes with Becky Feldman,361.0,2022-08-04,Becky Feldman,Guest,4.0
Oakberry with Johnny TV and Taya Valkyrie,440.0,2024-04-04,Nick Wiger,Nick,1.5
Oakberry with Johnny TV and Taya Valkyrie,440.0,2024-04-04,Mike Mitchell,Mitch,2.0
Oakberry with Johnny TV and Taya Valkyrie,440.0,2024-04-04,Johnny Doughboy,Guest,2.0
Octdoughberblessed: Canter's Deli with Evan Susser and David Phillips,175.0,2018-10-11,Nick Wiger,Nick,3.5
Octdoughberblessed: Canter's Deli with Evan Susser and David Phillips,175.0,2018-10-11,Mike Mitchell,Mitch,3.75
Octdoughberblessed: Canter's Deli with Evan Susser and David Phillips,175.0,2018-10-11,Evan Susser,Guest,3.5
Octdoughberblessed: Canter's Deli with Evan Susser and David Phillips,175.0,2018-10-11,David Phillips,Guest,3.0
Octdoughberblessed: Cracker Barrel with Betsy Sodaro,177.0,2018-10-25,Nick Wiger,Nick,5.0
Octdoughberblessed: Cracker Barrel with Betsy Sodaro,177.0,2018-10-25,Mike Mitchell,Mitch,5.0
Octdoughberblessed: Cracker Barrel with Betsy Sodaro,177.0,2018-10-25,Betsy Sodaro,Guest,4.0
Octdoughberblessed: Loving Hut with Raj Desai,176.0,2018-10-18,Nick Wiger,Nick,4.0
Octdoughberblessed: Loving Hut with Raj Desai,176.0,2018-10-18,Mike Mitchell,Mitch,4.0
Octdoughberblessed: Loving Hut with Raj Desai,176.0,2018-10-18,Raj Desai,Guest,4.0
Olive Garden 2 with Joel Kim Booster,152.0,2018-05-03,Nick Wiger,Nick,3.0
Olive Garden 2 with Joel Kim Booster,152.0,2018-05-03,Mike Mitchell,Mitch,2.85
Olive Garden 2 with Joel Kim Booster,152.0,2018-05-03,Joel Kim Booster,Guest,4.5
Olive Garden 3 with Alison Rosen,298.0,2021-04-29,Nick Wiger,Nick,3.5
Olive Garden 3 with Alison Rosen,298.0,2021-04-29,Mike Mitchell,Mitch,4.0
Olive Garden 3 with Alison Rosen,298.0,2021-04-29,Alison Rosen,Guest,2.0
Onions with Arden Myrin,459.0,2024-08-15,Nick Wiger,Nick,5.0
Onions with Arden Myrin,459.0,2024-08-15,Mike Mitchell,Mitch,5.0
Onions with Arden Myrin,459.0,2024-08-15,Arden Myrin,Guest,5.0
Orange Julius with Scott Aukerman,395.0,2023-04-27,Nick Wiger,Nick,4.0
Orange Julius with Scott Aukerman,395.0,2023-04-27,Mike Mitchell,Mitch,4.0
Orange Julius with Scott Aukerman,395.0,2023-04-27,Scott Aukerman,Guest,4.5
Original Tommy’s with Jim Woods,14.0,2015-08-12,Nick Wiger,Nick,3.5
Original Tommy’s with Jim Woods,14.0,2015-08-12,Mike Mitchell,Mitch,3.5
Original Tommy’s with Jim Woods,14.0,2015-08-12,Jim Woods,Guest,3.5
Outback Steakhouse 2 with Leann Bowen,171.0,2018-09-13,Nick Wiger,Nick,2.5
Outback Steakhouse 2 with Leann Bowen,171.0,2018-09-13,Mike Mitchell,Mitch,2.5
Outback Steakhouse 2 with Leann Bowen,171.0,2018-09-13,Leann Bowen,Guest,3.0
Outback Steakhouse 3 with Joe Wengert,295.0,2021-04-08,Nick Wiger,Nick,1.5
Outback Steakhouse 3 with Joe Wengert,295.0,2021-04-08,Mike Mitchell,Mitch,2.5
Outback Steakhouse 3 with Joe Wengert,295.0,2021-04-08,Joe Wengert,Guest,2.0
Outback Steakhouse 4 with Tom Walker,549.0,2026-06-18,Nick Wiger,Nick,1.0
Outback Steakhouse 4 with Tom Walker,549.0,2026-06-18,Mike Mitchell,Mitch,2.25
Outback Steakhouse 4 with Tom Walker,549.0,2026-06-18,Tom Walker,Guest,2.0
Outback Steakhouse 4 with Tom Walker,549.0,2026-06-18,Evan Susser,Other,2.5
Outback Steakhouse 4 with Tom Walker,549.0,2026-06-18,Libby Watson,Other,1.5
P. F. Chang's 2 with Kulap Vilaysack,205.0,2019-05-30,Nick Wiger,Nick,3.75
P. F. Chang's 2 with Kulap Vilaysack,205.0,2019-05-30,Mike Mitchell,Mitch,3.5
P. F. Chang's 2 with Kulap Vilaysack,205.0,2019-05-30,Kulap Vilaysack,Guest,2.0
P. F. Chang's with Jessica McKenna and Zach Reino,168.0,2018-08-23,Nick Wiger,Nick,3.5
P. F. Chang's with Jessica McKenna and Zach Reino,168.0,2018-08-23,Mike Mitchell,Mitch,3.5
P. F. Chang's with Jessica McKenna and Zach Reino,168.0,2018-08-23,Jessica McKenna,Guest,3.5
P. F. Chang's with Jessica McKenna and Zach Reino,168.0,2018-08-23,Zach Reino,Guest,2.75
Panda Express 2 with Cristela Alonzo,162.0,2018-07-12,Nick Wiger,Nick,4.0
Panda Express 2 with Cristela Alonzo,162.0,2018-07-12,Mike Mitchell,Mitch,4.0
Panda Express 2 with Cristela Alonzo,162.0,2018-07-12,Cristela Alonzo,Guest,3.0
Panda Express 3 with Oscar Montoya,286.0,2021-02-04,Nick Wiger,Nick,3.75
Panda Express 3 with Oscar Montoya,286.0,2021-02-04,Mike Mitchell,Mitch,4.0
Panda Express 3 with Oscar Montoya,286.0,2021-02-04,Oscar Montoya,Guest,3.5
Panda Express 4 with Matt Kowalick and Holly Prazoff,501.0,2025-06-26,Nick Wiger,Nick,5.0
Panda Express 4 with Matt Kowalick and Holly Prazoff,501.0,2025-06-26,Mike Mitchell,Mitch,5.0
Panda Express 4 with Matt Kowalick and Holly Prazoff,501.0,2025-06-26,Matt Kowalick,Guest,5.0
Panda Express 4 with Matt Kowalick and Holly Prazoff,501.0,2025-06-26,Holly Prazoff,Guest,5.0
Panda Express with Tricia McAlpin,37.0,2016-02-11,Nick Wiger,Nick,2.5
Panda Express with Tricia McAlpin,37.0,2016-02-11,Mike Mitchell,Mitch,3.0
Panda Express with Tricia McAlpin,37.0,2016-02-11,Tricia McAlpin,Guest,4.0
Panera 3 with Kimia Behpoornia,495.0,2025-05-15,Nick Wiger,Nick,4.0
Panera 3 with Kimia Behpoornia,495.0,2025-05-15,Mike Mitchell,Mitch,3.5
Panera 3 with Kimia Behpoornia,495.0,2025-05-15,Kimia Behpoornia,Guest,4.0
Panera 4 with Jason Concepcion,517.0,2025-10-16,Nick Wiger,Nick,4.0
Panera 4 with Jason Concepcion,517.0,2025-10-16,Mike Mitchell,Mitch,5.0
Panera 4 with Jason Concepcion,517.0,2025-10-16,Jason Concepcion,Guest,4.5
Panera Bread 2 with Monica Ruiz and Chris O'Malley,282.0,2021-01-07,Nick Wiger,Nick,4.0
Panera Bread 2 with Monica Ruiz and Chris O'Malley,282.0,2021-01-07,Mike Mitchell,Mitch,3.9
Panera Bread 2 with Monica Ruiz and Chris O'Malley,282.0,2021-01-07,Monica Ruiz,Guest,4.5
Panera Bread 2 with Monica Ruiz and Chris O'Malley,282.0,2021-01-07,Chris O'Malley,Guest,3.5
Panera Bread with Bill Oakley,164.0,2018-07-26,Nick Wiger,Nick,2.5
Panera Bread with Bill Oakley,164.0,2018-07-26,Mike Mitchell,Mitch,3.25
Panera Bread with Bill Oakley,164.0,2018-07-26,Bill Oakley,Guest,2.75
"Papa Gino's with John Hodgman, Jean Grae, and Jeff Tweedy",211.0,2019-07-11,Nick Wiger,Nick,3.5
"Papa Gino's with John Hodgman, Jean Grae, and Jeff Tweedy",211.0,2019-07-11,Mike Mitchell,Mitch,4.0
"Papa Gino's with John Hodgman, Jean Grae, and Jeff Tweedy",211.0,2019-07-11,John Hodgman,Guest,2.5
"Papa Gino's with John Hodgman, Jean Grae, and Jeff Tweedy",211.0,2019-07-11,Jean Grae,Guest,3.0
"Papa Gino's with John Hodgman, Jean Grae, and Jeff Tweedy",211.0,2019-07-11,Jeff Tweedy,Guest,1.0
Papa John's 2 with Raiza Licea,288.0,2021-02-18,Nick Wiger,Nick,3.0
Papa John's 2 with Raiza Licea,288.0,2021-02-18,Mike Mitchell,Mitch,3.0
Papa John's 2 with Raiza Licea,288.0,2021-02-18,Raiza Licea,Guest,3.0
Papa John's with Lamar Woods,183.0,2018-12-13,Nick Wiger,Nick,1.0
Papa John's with Lamar Woods,183.0,2018-12-13,Mike Mitchell,Mitch,2.0
Papa John's with Lamar Woods,183.0,2018-12-13,Lamar Woods,Guest,2.5
Papa Johns 3 with Steve Sladkowski,505.0,2025-07-24,Nick Wiger,Nick,3.5
Papa Johns 3 with Steve Sladkowski,505.0,2025-07-24,Mike Mitchell,Mitch,3.5
Papa Johns 3 with Steve Sladkowski,505.0,2025-07-24,Steve Sladkowski,Guest,3.25
Paris Baguette with Lesley Tsina,276.0,,Nick Wiger,Nick,4.0
Paris Baguette with Lesley Tsina,276.0,,Mike Mitchell,Mitch,4.0
Paris Baguette with Lesley Tsina,276.0,,Lesley Tsina,Guest,3.5
Peet's Coffee with Chelsea Peretti,279.0,2020-12-03,Nick Wiger,Nick,3.0
Peet's Coffee with Chelsea Peretti,279.0,2020-12-03,Mike Mitchell,Mitch,2.75
Peet's Coffee with Chelsea Peretti,279.0,2020-12-03,Chelsea Peretti,Guest,3.5
Philz Coffee with Corin Wells,511.0,2025-09-04,Nick Wiger,Nick,3.5
Philz Coffee with Corin Wells,511.0,2025-09-04,Mike Mitchell,Mitch,2.5
Philz Coffee with Corin Wells,511.0,2025-09-04,Corin Wells,Guest,2.0
Pink's Hot Dogs with Alana Johnston,166.0,2018-08-09,Nick Wiger,Nick,2.125
Pink's Hot Dogs with Alana Johnston,166.0,2018-08-09,Mike Mitchell,Mitch,2.25
Pink's Hot Dogs with Alana Johnston,166.0,2018-08-09,Alana Johnston,Guest,2.0
Pinkberry with Lauren Lapkus,58.0,2016-06-23,Nick Wiger,Nick,3.0
Pinkberry with Lauren Lapkus,58.0,2016-06-23,Mike Mitchell,Mitch,3.0
Pinkberry with Lauren Lapkus,58.0,2016-06-23,Lauren Lapkus,Guest,3.0
Pizza Hut 2 with Jen D'Angelo,248.0,2020-04-23,Nick Wiger,Nick,3.0
Pizza Hut 2 with Jen D'Angelo,248.0,2020-04-23,Mike Mitchell,Mitch,2.25
Pizza Hut 2 with Jen D'Angelo,248.0,2020-04-23,Jen D'Angelo,Guest,1.0
Pizza Hut 3 with Brendan James,360.0,2022-07-28,Nick Wiger,Nick,1.5
Pizza Hut 3 with Brendan James,360.0,2022-07-28,Mike Mitchell,Mitch,2.0
Pizza Hut 3 with Brendan James,360.0,2022-07-28,Brendan James,Guest,1.5
Pizza Hut 4 with Neil Campbell and Mitra Jouhari,503.0,2025-07-10,Nick Wiger,Nick,1.0
Pizza Hut 4 with Neil Campbell and Mitra Jouhari,503.0,2025-07-10,Mike Mitchell,Mitch,1.0
Pizza Hut 4 with Neil Campbell and Mitra Jouhari,503.0,2025-07-10,Neil Campbell,Guest,1.0
Pizza Hut 4 with Neil Campbell and Mitra Jouhari,503.0,2025-07-10,Mitra Jouhari,Guest,1.5
Pizza Hut with Neil Campbell,32.0,2016-01-07,Nick Wiger,Nick,2.5
Pizza Hut with Neil Campbell,32.0,2016-01-07,Mike Mitchell,Mitch,3.0
Pizza Hut with Neil Campbell,32.0,2016-01-07,Neil Campbell,Guest,1.0
Planet Hollywood with Griffin Newman and David Sims,497.0,2025-05-29,Nick Wiger,Nick,0.0
Planet Hollywood with Griffin Newman and David Sims,497.0,2025-05-29,Mike Mitchell,Mitch,1.0
Planet Hollywood with Griffin Newman and David Sims,497.0,2025-05-29,Griffin Newman,Guest,1.0
Planet Hollywood with Griffin Newman and David Sims,497.0,2025-05-29,David Sims,Guest,1.0
Plant Power Fast Food with Ashly Burch and Mort Burke,514.0,2025-09-25,Tiger Wiger,Nick,3.0
Plant Power Fast Food with Ashly Burch and Mort Burke,514.0,2025-09-25,Mr. Slice,Mitch,3.0
Plant Power Fast Food with Ashly Burch and Mort Burke,514.0,2025-09-25,Hashly Burp,Guest,3.0
Plant Power Fast Food with Ashly Burch and Mort Burke,514.0,2025-09-25,Fork Burp,Other,3.0
Poké Bar with Payman Benz,447.0,2024-05-23,Nick Wiger,Nick,2.5
Poké Bar with Payman Benz,447.0,2024-05-23,Mike Mitchell,Mitch,2.5
Poké Bar with Payman Benz,447.0,2024-05-23,Payman Benz,Guest,3.0
Pollo Campero with Jack Allison and Kate Shapiro,414.0,2023-09-07,Nick Wiger,Nick,4.5
Pollo Campero with Jack Allison and Kate Shapiro,414.0,2023-09-07,Mike Mitchell,Mitch,5.0
Pollo Campero with Jack Allison and Kate Shapiro,414.0,2023-09-07,Jack Allison,Guest,5.0
Pollo Campero with Jack Allison and Kate Shapiro,414.0,2023-09-07,Kate Shapiro,Guest,3.5
Popeyes 4 with Van Robichaux,346.0,2022-04-21,Nick Wiger,Nick,5.0
Popeyes 4 with Van Robichaux,346.0,2022-04-21,Mike Mitchell,Mitch,5.0
Popeyes 4 with Van Robichaux,346.0,2022-04-21,Van Robichaux,Guest,5.0
Popeyes 4 with Van Robichaux,346.0,2022-04-21,James the Tech Guy,Guest,4.0
Popeyes Louisiana Kitchen 2 with Andrew Ti,218.0,2019-08-29,Nick Wiger,Nick,5.0
Popeyes Louisiana Kitchen 2 with Andrew Ti,218.0,2019-08-29,Mike Mitchell,Mitch,5.0
Popeyes Louisiana Kitchen 2 with Andrew Ti,218.0,2019-08-29,Andrew Ti,Guest,4.0
Popeyes Louisiana Kitchen 3 with Phil Rosenthal,284.0,2021-01-21,Nick Wiger,Nick,5.0
Popeyes Louisiana Kitchen 3 with Phil Rosenthal,284.0,2021-01-21,Mike Mitchell,Mitch,5.0
Popeyes Louisiana Kitchen 3 with Phil Rosenthal,284.0,2021-01-21,Phil Rosenthal,Guest,3.5
Popeyes Louisiana Kitchen with Lesley Arfin,54.0,2016-05-26,Nick Wiger,Nick,4.5
Popeyes Louisiana Kitchen with Lesley Arfin,54.0,2016-05-26,Mike Mitchell,Mitch,3.5
Popeyes Louisiana Kitchen with Lesley Arfin,54.0,2016-05-26,Lesley Arfin,Guest,3.0
Popeyes Wings with David Brown and Jon Mackey,462.0,2024-09-05,Nick Wiger,Nick,5.0
Popeyes Wings with David Brown and Jon Mackey,462.0,2024-09-05,Mike Mitchell,Mitch,4.5
Popeyes Wings with David Brown and Jon Mackey,462.0,2024-09-05,David Brown,Guest,4.5
Popeyes Wings with David Brown and Jon Mackey,462.0,2024-09-05,Jon Mackey,Guest,4.5
Poquito Más with Dan Goor,185.0,2019-01-10,Nick Wiger,Nick,5.0
Poquito Más with Dan Goor,185.0,2019-01-10,Mike Mitchell,Mitch,5.0
Poquito Más with Dan Goor,185.0,2019-01-10,Dan Goor,Guest,3.75
Portillo's with Jon Gabrus & Christine Nangle (LIVE),198.0,2019-04-11,Nick Wiger,Nick,4.5
Portillo's with Jon Gabrus & Christine Nangle (LIVE),198.0,2019-04-11,Mike Mitchell,Mitch,5.0
Portillo's with Jon Gabrus & Christine Nangle (LIVE),198.0,2019-04-11,Jon Gabrus,Guest,4.5
Portillo's with Jon Gabrus & Christine Nangle (LIVE),198.0,2019-04-11,Christine Nangle,Guest,4.5
Potbelly Sandwich Shop with Colt Cabana,267.0,2020-09-03,Nick Wiger,Nick,4.0
Potbelly Sandwich Shop with Colt Cabana,267.0,2020-09-03,Mike Mitchell,Mitch,4.0
Potbelly Sandwich Shop with Colt Cabana,267.0,2020-09-03,Colt Cabana,Guest,3.5
Pressed with Arden Myrin,367.0,2022-09-15,Nick Wiger,Nick,4.0
Pressed with Arden Myrin,367.0,2022-09-15,Mike Mitchell,Mitch,4.0
Pressed with Arden Myrin,367.0,2022-09-15,Arden Myrin,Guest,5.0
Pret a Manger with Charlotte McDonnell and Libby Watson,496.0,2025-05-22,Nick Wiger,Nick,3.0
Pret a Manger with Charlotte McDonnell and Libby Watson,496.0,2025-05-22,Mike Mitchell,Mitch,2.5
Pret a Manger with Charlotte McDonnell and Libby Watson,496.0,2025-05-22,Charlotte McDonnell,Guest,4.0
Pret a Manger with Charlotte McDonnell and Libby Watson,496.0,2025-05-22,Libby Watson,Guest,3.0
Publix with Jon Gabrus,539.0,2026-04-09,Nick Wiger,Nick,4.0
Publix with Jon Gabrus,539.0,2026-04-09,Mike Mitchell,Mitch,4.0
Publix with Jon Gabrus,539.0,2026-04-09,Jon Gabrus,Guest,4.0
Publix with Jon Gabrus,539.0,2026-04-09,Emma Erdbrink,Other,4.0
Publix with Jon Gabrus,539.0,2026-04-09,Amelia Marino,Other,4.0
QDOBA with Jamelle Bouie,332.0,2022-01-13,Nick Wiger,Nick,3.0
QDOBA with Jamelle Bouie,332.0,2022-01-13,Mike Mitchell,Mitch,2.9
QDOBA with Jamelle Bouie,332.0,2022-01-13,Jamelle Bouie,Guest,3.5
Quizno's with Haley Joel Osment,158.0,2018-06-13,Nick Wiger,Nick,3.5
Quizno's with Haley Joel Osment,158.0,2018-06-13,Mike Mitchell,Mitch,3.25
Quizno's with Haley Joel Osment,158.0,2018-06-13,Haley Joel Osment,Guest,3.0
Qwench Juice Bar with Eliza Skinner,413.0,2023-08-31,Nick Wiger,Nick,4.5
Qwench Juice Bar with Eliza Skinner,413.0,2023-08-31,Mike Mitchell,Mitch,3.75
Qwench Juice Bar with Eliza Skinner,413.0,2023-08-31,Eliza Skinner,Guest,4.5
Raising Cane's Chicken Fingers 2 with John Early,357.0,2022-07-07,Nick Wiger,Nick,4.0
Raising Cane's Chicken Fingers 2 with John Early,357.0,2022-07-07,Mike Mitchell,Mitch,5.0
Raising Cane's Chicken Fingers 2 with John Early,357.0,2022-07-07,John Early,Guest,3.0
Randy's Donuts with Gareth Reynolds,498.0,2025-06-05,Nick Wiger,Nick,4.0
Randy's Donuts with Gareth Reynolds,498.0,2025-06-05,Mike Mitchell,Mitch,4.5
Randy's Donuts with Gareth Reynolds,498.0,2025-06-05,Gareth Reynolds,Guest,5.0
Red Robin with D'Arcy Carden,68.0,2016-09-01,Nick Wiger,Nick,3.0
Red Robin with D'Arcy Carden,68.0,2016-09-01,Mike Mitchell,Mitch,4.0
Regina Pizzeria with John Hodgman & Nicole Byer (LIVE),229.0,2019-11-14,Nick Wiger,Nick,5.0
Regina Pizzeria with John Hodgman & Nicole Byer (LIVE),229.0,2019-11-14,Mike Mitchell,Mitch,5.0
Regina Pizzeria with John Hodgman & Nicole Byer (LIVE),229.0,2019-11-14,John Hodgman,Guest,5.0
Regina Pizzeria with John Hodgman & Nicole Byer (LIVE),229.0,2019-11-14,Nicole Byer,Guest,10.0
Rick's Drive In & Out with Ashley Ray,410.0,2023-08-10,Nick Wiger,Nick,4.0
Rick's Drive In & Out with Ashley Ray,410.0,2023-08-10,Mike Mitchell,Mitch,4.0
Rick's Drive In & Out with Ashley Ray,410.0,2023-08-10,Ashley Ray,Guest,4.0
Rita's Italian Ice with Carl Tart & Christine Nangle (LIVE),222.0,2019-09-26,Nick Wiger,Nick,4.0
Rita's Italian Ice with Carl Tart & Christine Nangle (LIVE),222.0,2019-09-26,Mike Mitchell,Mitch,4.0
Rita's Italian Ice with Carl Tart & Christine Nangle (LIVE),222.0,2019-09-26,Carl Tart,Guest,4.0
Rita's Italian Ice with Carl Tart & Christine Nangle (LIVE),222.0,2019-09-26,Christine Nangle,Guest,4.75
Robeks with Ben Rodgers,425.0,2023-11-30,Nick Wiger,Nick,3.5
Robeks with Ben Rodgers,425.0,2023-11-30,Mike Mitchell,Mitch,3.5
Robeks with Ben Rodgers,425.0,2023-11-30,Ben Rodgers,Guest,3.0
Rockdoughberfest: Cabo Wabo Cantina with Julie Brister,22.0,2015-10-08,Nick Wiger,Nick,3.5
Rockdoughberfest: Cabo Wabo Cantina with Julie Brister,22.0,2015-10-08,Mike Mitchell,Mitch,2.0
Rockdoughberfest: Cabo Wabo Cantina with Julie Brister,22.0,2015-10-08,Julie Brister,Guest,4.0
Rockdoughberfest: Hard Rock Cafe with Scott Gairdner,24.0,2015-10-22,Nick Wiger,Nick,2.0
Rockdoughberfest: Hard Rock Cafe with Scott Gairdner,24.0,2015-10-22,Mike Mitchell,Mitch,2.0
Rockdoughberfest: Hard Rock Cafe with Scott Gairdner,24.0,2015-10-22,Scott Gairdner,Guest,2.5
Rockdoughberfest: Margaritaville with Mike Carlson,23.0,2015-10-15,Nick Wiger,Nick,3.0
Rockdoughberfest: Margaritaville with Mike Carlson,23.0,2015-10-15,Mike Mitchell,Mitch,2.5
Rockdoughberfest: Margaritaville with Mike Carlson,23.0,2015-10-15,Mike Carlson,Guest,4.0
Rockdoughberfest: Rock & Brews with Zoe Jarman,25.0,2015-10-29,Nick Wiger,Nick,3.5
Rockdoughberfest: Rock & Brews with Zoe Jarman,25.0,2015-10-29,Mike Mitchell,Mitch,3.0
Rockdoughberfest: Rock & Brews with Zoe Jarman,25.0,2015-10-29,Zoe Jarman,Guest,3.0
Rocklobsterfest: Red Lobster 2 with Ross Kimball,74.0,2016-10-13,Nick Wiger,Nick,3.5
Rocklobsterfest: Red Lobster 2 with Ross Kimball,74.0,2016-10-13,Mike Mitchell,Mitch,2.25
Rocklobsterfest: Red Lobster 2 with Ross Kimball,74.0,2016-10-13,Ross Kimball,Guest,3.0
Rocklobsterfest: Red Lobster 4 with Sean Clements & Hayes Davenport,76.0,2016-10-27,Nick Wiger,Nick,3.0
Rocklobsterfest: Red Lobster 4 with Sean Clements & Hayes Davenport,76.0,2016-10-27,Mike Mitchell,Mitch,2.5
Rocklobsterfest: Red Lobster 4 with Sean Clements & Hayes Davenport,76.0,2016-10-27,Sean Clements,Guest,3.0
Rocklobsterfest: Red Lobster 4 with Sean Clements & Hayes Davenport,76.0,2016-10-27,Hayes Davenport,Guest,1.5
Roscoe's House of Chicken and Waffles with Carl Tart,116.0,2017-08-10,Nick Wiger,Nick,5.0
Roscoe's House of Chicken and Waffles with Carl Tart,116.0,2017-08-10,Mike Mitchell,Mitch,5.0
Roscoe's House of Chicken and Waffles with Carl Tart,116.0,2017-08-10,Carl Tart,Guest,5.0
Rubio's with Mary Holland (LIVE),182.0,2018-12-06,Nick Wiger,Nick,4.5
Rubio's with Mary Holland (LIVE),182.0,2018-12-06,Mike Mitchell,Mitch,4.0
Rubio's with Mary Holland (LIVE),182.0,2018-12-06,Mary Holland,Guest,5.0
Ruth's Chris Steak House with Andrew Secunda,153.0,2018-05-10,Nick Wiger,Nick,4.5
Ruth's Chris Steak House with Andrew Secunda,153.0,2018-05-10,Mike Mitchell,Mitch,4.5
Ruth's Chris Steak House with Andrew Secunda,153.0,2018-05-10,Andrew Secunda,Guest,4.0
Salt & Straw 2 with Saylor Curda and Tiana Okoye,507.0,2025-08-07,Nick Wiger,Nick,4.0
Salt & Straw 2 with Saylor Curda and Tiana Okoye,507.0,2025-08-07,Mike Mitchell,Mitch,4.0
Salt & Straw 2 with Saylor Curda and Tiana Okoye,507.0,2025-08-07,Saylor Bell Curda,Guest,4.3
Salt & Straw 2 with Saylor Curda and Tiana Okoye,507.0,2025-08-07,Tiana Okoye,Guest,4.5
Salt & Straw with Neil Campbell and Andy Samberg,426.0,2023-12-07,Nick Wiger,Nick,4.0
Salt & Straw with Neil Campbell and Andy Samberg,426.0,2023-12-07,Mike Mitchell,Mitch,4.5
Salt & Straw with Neil Campbell and Andy Samberg,426.0,2023-12-07,Neil Campbell,Guest,5.0
Salt & Straw with Neil Campbell and Andy Samberg,426.0,2023-12-07,Andy Samberg,Guest,4.5
Sbarro with Griffin Newman,449.0,2024-06-06,Nick Wiger,Nick,3.0
Sbarro with Griffin Newman,449.0,2024-06-06,Mike Mitchell,Mitch,3.5
Sbarro with Griffin Newman,449.0,2024-06-06,Griffin Newman,Guest,3.0
See's Candies with John Hodgman,433.0,2024-02-15,Nick Wiger,Nick,3.0
See's Candies with John Hodgman,433.0,2024-02-15,Mike Mitchell,Mitch,3.0
See's Candies with John Hodgman,433.0,2024-02-15,John Hodgman,Guest,3.0
Shake Shack 2 with Libby Watson,314.0,2021-08-19,Nick Wiger,Nick,3.0
Shake Shack 2 with Libby Watson,314.0,2021-08-19,Mike Mitchell,Mitch,4.0
Shake Shack 2 with Libby Watson,314.0,2021-08-19,Libby Watson,Guest,3.75
Shake Shack 3 with Evan Susser,379.0,2022-12-15,Nick Wiger,Nick,3.0
Shake Shack 3 with Evan Susser,379.0,2022-12-15,Mike Mitchell,Mitch,4.0
Shake Shack 3 with Evan Susser,379.0,2022-12-15,Evan Susser,Guest,4.0
Shake Shack with Jason Concepcion,111.0,2017-07-06,Nick Wiger,Nick,4.5
Shake Shack with Jason Concepcion,111.0,2017-07-06,Mike Mitchell,Mitch,5.0
Shake Shack with Jason Concepcion,111.0,2017-07-06,Jason Concepcion,Guest,4.0
Shakey’s Pizza with Kyle Mooney,121.0,2017-09-14,Nick Wiger,Nick,3.5
Shakey’s Pizza with Kyle Mooney,121.0,2017-09-14,Mike Mitchell,Mitch,3.5
Shakey’s Pizza with Kyle Mooney,121.0,2017-09-14,Kyle Mooney,Guest,3.5
Shaquille's with Josh Weiner,213.0,2019-07-25,Nick Wiger,Nick,4.0
Shaquille's with Josh Weiner,213.0,2019-07-25,Mike Mitchell,Mitch,4.0
Shaquille's with Josh Weiner,213.0,2019-07-25,Josh Weiner,Guest,3.5
Sharky's with Erin McGathy,104.0,2017-05-18,Nick Wiger,Nick,3.0
Sharky's with Erin McGathy,104.0,2017-05-18,Mike Mitchell,Mitch,3.0
Sharky's with Erin McGathy,104.0,2017-05-18,Erin McGathy,Guest,3.0
Shipley Do-Nuts with Jon Gabrus (LIVE),136.0,2018-01-10,Nick Wiger,Nick,4.0
Shipley Do-Nuts with Jon Gabrus (LIVE),136.0,2018-01-10,Mike Mitchell,Mitch,4.0
Shipley Do-Nuts with Jon Gabrus (LIVE),136.0,2018-01-10,Jon Gabrus,Guest,4.0
Sidecar Doughnuts with David Wain,415.0,2023-09-14,Nick Wiger,Nick,3.0
Sidecar Doughnuts with David Wain,415.0,2023-09-14,Mike Mitchell,Mitch,2.75
Sidecar Doughnuts with David Wain,415.0,2023-09-14,David Wain,Guest,3.1
Silverlake Ramen with Betsy Sodaro,515.0,2025-10-02,Nick Wiger,Nick,4.5
Silverlake Ramen with Betsy Sodaro,515.0,2025-10-02,Mike Mitchell,Mitch,4.5
Silverlake Ramen with Betsy Sodaro,515.0,2025-10-02,Betsy Sodaro,Guest,5.0
Silverlake Ramen with Sierra Katow,452.0,2024-06-27,Nick Wiger,Nick,4.0
Silverlake Ramen with Sierra Katow,452.0,2024-06-27,Mike Mitchell,Mitch,4.0
Silverlake Ramen with Sierra Katow,452.0,2024-06-27,Sierra Katow,Guest,4.0
Sizzle Pie with Bill Oakley (LIVE),197.0,2019-04-04,Nick Wiger,Nick,3.25
Sizzle Pie with Bill Oakley (LIVE),197.0,2019-04-04,Mike Mitchell,Mitch,3.5
Sizzle Pie with Bill Oakley (LIVE),197.0,2019-04-04,Bill Oakley,Guest,3.75
Sizzler 2 with Nicole Byer,524.0,2025-12-11,Nick Wiger,Nick,4.0
Sizzler 2 with Nicole Byer,524.0,2025-12-11,Mike Mitchell,Mitch,4.0
Sizzler 2 with Nicole Byer,524.0,2025-12-11,Nicole Byer,Guest,5.0
Sizzler with Marisa Pinson,108.0,2017-06-15,Nick Wiger,Nick,4.0
Sizzler with Marisa Pinson,108.0,2017-06-15,Mike Mitchell,Mitch,4.5
Sizzler with Marisa Pinson,108.0,2017-06-15,Marisa Pinson,Guest,4.0
Slice House with Evan Susser,476.0,2024-12-19,Tiger Wiger,Nick,3.5
Slice House with Evan Susser,476.0,2024-12-19,Mike Mitchell,Mitch,4.0
Slice House with Evan Susser,476.0,2024-12-19,Evan Susser,Guest,3.99
Smoke's Poutinerie with Alana Johnston (LIVE),190.0,2019-02-14,Nick Wiger,Nick,4.0
Smoke's Poutinerie with Alana Johnston (LIVE),190.0,2019-02-14,Mike Mitchell,Mitch,4.25
Smoke's Poutinerie with Alana Johnston (LIVE),190.0,2019-02-14,Alana Johnston,Guest,4.0
Sombrero with Neil Campbell and Fran Gillespie,412.0,2023-08-24,Nick Wiger,Nick,3.0
Sombrero with Neil Campbell and Fran Gillespie,412.0,2023-08-24,Mike Mitchell,Mitch,4.0
Sombrero with Neil Campbell and Fran Gillespie,412.0,2023-08-24,Neil Campbell,Guest,2.5
Sombrero with Neil Campbell and Fran Gillespie,412.0,2023-08-24,Fran Gillespie,Guest,4.0
Sonic Drive-In with Matt Apodaca,321.0,2021-10-07,Nick Wiger,Nick,5.0
Sonic Drive-In with Matt Apodaca,321.0,2021-10-07,Mike Mitchell,Mitch,5.0
Sonic Drive-In with Matt Apodaca,321.0,2021-10-07,Matt Apodaca,Guest,5.0
Souplantation/Sweet Tomatoes with Kelly Nugent and Lindsay Katai,165.0,2018-08-02,Nick Wiger,Nick,3.75
Souplantation/Sweet Tomatoes with Kelly Nugent and Lindsay Katai,165.0,2018-08-02,Mike Mitchell,Mitch,2.75
Souplantation/Sweet Tomatoes with Kelly Nugent and Lindsay Katai,165.0,2018-08-02,Kelly Nugent,Guest,3.0
Souplantation/Sweet Tomatoes with Kelly Nugent and Lindsay Katai,165.0,2018-08-02,Lindsay Katai,Guest,3.5
Spitz with John Hodgman,386.0,2023-02-23,Nick Wiger,Nick,4.0
Spitz with John Hodgman,386.0,2023-02-23,Mike Mitchell,Mitch,4.25
Spitz with John Hodgman,386.0,2023-02-23,John Hodgman,Guest,4.0
Starbucks Reserve with Jessica Chaffin,210.0,2019-07-04,Nick Wiger,Nick,1.0
Starbucks Reserve with Jessica Chaffin,210.0,2019-07-04,Mike Mitchell,Mitch,2.0
Starbucks Reserve with Jessica Chaffin,210.0,2019-07-04,Jessica Chaffin,Guest,0.5
Starbucks with Joe Saunders,20.0,2015-09-24,Nick Wiger,Nick,3.0
Starbucks with Joe Saunders,20.0,2015-09-24,Mike Mitchell,Mitch,2.5
Starbucks with Joe Saunders,20.0,2015-09-24,Joe Saunders,Guest,3.0
Steak 'n Shake 10 with Evan Susser,525.0,2025-12-18,Nick Wiger,Nick,5.0
Steak 'n Shake 10 with Evan Susser,525.0,2025-12-18,Mike Mitchell,Mitch,1.0
Steak 'n Shake 10 with Evan Susser,525.0,2025-12-18,Evan Susser,Guest,5.0
Steak 'n Shake 3 with Evan Susser,82.0,2016-12-15,Nick Wiger,Nick,2.0
Steak 'n Shake 3 with Evan Susser,82.0,2016-12-15,Mike Mitchell,Mitch,2.0
Steak 'n Shake 4 with Evan Susser,233.0,2019-12-19,Nick Wiger,Nick,3.75
Steak 'n Shake 4 with Evan Susser,233.0,2019-12-19,Mike Mitchell,Mitch,3.75
Steak 'n Shake 4 with Evan Susser,233.0,2019-12-19,Evan Susser,Guest,3.75
Steak ‘n Shake 2 with Evan Susser,31.0,2015-12-17,Nick Wiger,Nick,5.0
Steak ‘n Shake 2 with Evan Susser,31.0,2015-12-17,Mike Mitchell,Mitch,5.0
Steak ‘n Shake 2 with Evan Susser,31.0,2015-12-17,Evan Susser,Guest,5.0
Steak ‘n Shake with Evan Susser,,,Nick Wiger,Nick,1.0
Steak ‘n Shake with Evan Susser,,,Mike Mitchell,Mitch,3.5
Steak ‘n Shake with Evan Susser,,,Evan Susser,Other,3.5
Subway 2 with R.J. Fried,214.0,2019-08-01,Nick Wiger,Nick,3.0
Subway 2 with R.J. Fried,214.0,2019-08-01,Mike Mitchell,Mitch,3.25
Subway 2 with R.J. Fried,214.0,2019-08-01,R.J. Fried,Guest,3.5
Subway 3 with Sean Clements & Hayes Davenport,285.0,2021-01-28,Nick Wiger,Nick,2.5
Subway 3 with Sean Clements & Hayes Davenport,285.0,2021-01-28,Mr. Slice,Mitch,3.25
Subway 3 with Sean Clements & Hayes Davenport,285.0,2021-01-28,Sean Clements,Guest,3.0
Subway 3 with Sean Clements & Hayes Davenport,285.0,2021-01-28,Hayes Davenport,Guest,3.5
Subway 4 with Andre Hyland,435.0,2024-02-29,Nick Wiger,Nick,1.5
Subway 4 with Andre Hyland,435.0,2024-02-29,Mike Mitchell,Mitch,2.25
Subway 5: Doritos Footlong Nachos with Toni Charline Ramos,492.0,2025-04-24,Nick Wiger,Nick,1.0
Subway 5: Doritos Footlong Nachos with Toni Charline Ramos,492.0,2025-04-24,Mike Mitchell,Mitch,1.0
Subway 5: Doritos Footlong Nachos with Toni Charline Ramos,492.0,2025-04-24,Toni Charline Ramos,Guest,2.0
Subway Breakfast with Lily Sullivan,375.0,2022-11-10,Nick Wiger,Nick,2.25
Subway Breakfast with Lily Sullivan,375.0,2022-11-10,Mike Mitchell,Mitch,4.25
Subway Breakfast with Lily Sullivan,375.0,2022-11-10,Lily Sullivan,Guest,1.0
Subway with Fran Gillespie,17.0,2015-09-03,Nick Wiger,Nick,2.0
Subway with Fran Gillespie,17.0,2015-09-03,Mike Mitchell,Mitch,3.0
Subway with Fran Gillespie,17.0,2015-09-03,Fran Gillespie,Guest,2.0
Sugarfish with Jason Mantzoukas,141.0,2018-02-15,Nick Wiger,Nick,5.0
Sugarfish with Jason Mantzoukas,141.0,2018-02-15,Mike Mitchell,Mitch,5.0
Sugarfish with Jason Mantzoukas,141.0,2018-02-15,Jason Mantzoukas,Guest,5.0
Super Duper Burgers with Eliza Skinner & Jordan Morris (LIVE),189.0,2019-02-07,Nick Wiger,Nick,3.25
Super Duper Burgers with Eliza Skinner & Jordan Morris (LIVE),189.0,2019-02-07,Mike Mitchell,Mitch,3.25
Super Duper Burgers with Eliza Skinner & Jordan Morris (LIVE),189.0,2019-02-07,Eliza Skinner,Guest,2.5
Super Duper Burgers with Eliza Skinner & Jordan Morris (LIVE),189.0,2019-02-07,Jordan Morris,Guest,2.0
SushiStop with Alie Ward,380.0,2023-01-12,Nick Wiger,Nick,3.0
SushiStop with Alie Ward,380.0,2023-01-12,Mike Mitchell,Mitch,3.0
SushiStop with Alie Ward,380.0,2023-01-12,Alie Ward,Guest,3.5
Sweet Chick with Tami Sagher,334.0,2022-01-27,Nick Wiger,Nick,4.5
Sweet Chick with Tami Sagher,334.0,2022-01-27,Mike Mitchell,Mitch,4.5
Sweet Chick with Tami Sagher,334.0,2022-01-27,Tami Sagher,Guest,4.5
Sweet Potatoes with Dani Fernandez,460.0,2024-08-22,Nick Wiger,Nick,5.0
Sweet Potatoes with Dani Fernandez,460.0,2024-08-22,Mike Mitchell,Mitch,4.0
Sweet Potatoes with Dani Fernandez,460.0,2024-08-22,Dani Fernandez,Guest,5.0
Sweetfin Poké with Payman Benz,202.0,2019-05-09,Nick Wiger,Nick,4.0
Sweetfin Poké with Payman Benz,202.0,2019-05-09,Mike Mitchell,Mitch,4.0
Sweetfin Poké with Payman Benz,202.0,2019-05-09,Payman Benz,Guest,5.0
Sweetgreen 2 with Emmy Blotnick,362.0,2022-08-11,Nick Wiger,Nick,4.5
Sweetgreen 2 with Emmy Blotnick,362.0,2022-08-11,Mike Mitchell,Mitch,3.75
Sweetgreen 2 with Emmy Blotnick,362.0,2022-08-11,Emmy Blotnick,Guest,3.5
Sweetgreen with Siobhan Thompson,49.0,2016-04-21,Nick Wiger,Nick,4.0
Sweetgreen with Siobhan Thompson,49.0,2016-04-21,Mike Mitchell,Mitch,4.0
Sweetgreen with Siobhan Thompson,49.0,2016-04-21,Siobhan Thompson,Guest,4.0
Swensons with Carl Tart,236.0,2020-01-30,Nick Wiger,Nick,5.0
Swensons with Carl Tart,236.0,2020-01-30,Mike Mitchell,Mitch,5.0
Swensons with Carl Tart,236.0,2020-01-30,Carl Tart,Guest,5.0
Swiss Chalet with Alana Johnston,468.0,2024-10-17,Nick Wiger,Nick,4.5
Swiss Chalet with Alana Johnston,468.0,2024-10-17,Mike Mitchell,Mitch,4.5
Swiss Chalet with Alana Johnston,468.0,2024-10-17,Alana Johnston,Guest,4.5
TGI Fridays with Jordan Morris,6.0,2015-06-18,Nick Wiger,Nick,4.0
TGI Fridays with Jordan Morris,6.0,2015-06-18,Mike Mitchell,Mitch,4.5
TGI Fridays with Jordan Morris,6.0,2015-06-18,Jordan Morris,Guest,3.0
Taco Bell 2 with Jon Gabrus (LIVE),86.0,2017-01-26,Nick Wiger,Nick,4.0
Taco Bell 2 with Jon Gabrus (LIVE),86.0,2017-01-26,Mike Mitchell,Mitch,5.0
Taco Bell 2 with Jon Gabrus (LIVE),86.0,2017-01-26,Jon Gabrus,Guest,5.0
Taco Bell 3 with Bobby Lee,87.0,2017-02-02,Nick Wiger,Nick,4.5
Taco Bell 3 with Bobby Lee,87.0,2017-02-02,Mike Mitchell,Mitch,5.0
Taco Bell 3 with Bobby Lee,87.0,2017-02-02,Bobby Lee,Guest,5.0
Taco Bell 4 with Gillian Jacobs,156.0,2018-05-31,Nick Wiger,Nick,5.0
Taco Bell 4 with Gillian Jacobs,156.0,2018-05-31,Mike Mitchell,Mitch,5.0
Taco Bell 4 with Gillian Jacobs,156.0,2018-05-31,Gillian Jacobs,Guest,2.0
Taco Bell 5 with Christine Nangle & Carl Tart (Live),302.0,2021-05-27,Nick Wiger,Nick,5.0
Taco Bell 5 with Christine Nangle & Carl Tart (Live),302.0,2021-05-27,Mike Mitchell,Mitch,5.0
Taco Bell 5 with Christine Nangle & Carl Tart (Live),302.0,2021-05-27,Carl Tart,Guest,4.75
"Taco Bell 6 with John Hodgman, Paul F. Tompkins, and Arden Myrin (live)",309.0,2021-07-15,Nick Wiger,Nick,5.0
"Taco Bell 6 with John Hodgman, Paul F. Tompkins, and Arden Myrin (live)",309.0,2021-07-15,Mike Mitchell,Mitch,5.0
"Taco Bell 6 with John Hodgman, Paul F. Tompkins, and Arden Myrin (live)",309.0,2021-07-15,John Hodgman,Guest,4.0
"Taco Bell 6 with John Hodgman, Paul F. Tompkins, and Arden Myrin (live)",309.0,2021-07-15,Paul F. Tompkins,Guest,2.0
"Taco Bell 6 with John Hodgman, Paul F. Tompkins, and Arden Myrin (live)",309.0,2021-07-15,Arden Myrin,Guest,4.0
Taco Bell 7 with Lorne Balfe,305.0,2021-06-17,Nick Wiger,Nick,5.0
Taco Bell 7 with Lorne Balfe,305.0,2021-06-17,Mike Mitchell,Mitch,5.0
Taco Bell IX with Beck Bennett,502.0,2025-07-03,Nick Wiger,Nick,4.5
Taco Bell IX with Beck Bennett,502.0,2025-07-03,Mike Mitchell,Mitch,4.5
Taco Bell IX with Beck Bennett,502.0,2025-07-03,Beck Bennett,Guest,4.0
Taco Bell with Jack Allison,2.0,2015-05-25,Nick Wiger,Nick,3.0
Taco Bell with Jack Allison,2.0,2015-05-25,Mike Mitchell,Mitch,5.0
Taco Bell with Jack Allison,2.0,2015-05-25,Jack Allison,Guest,5.0
Taco John's with Carl Tart,406.0,2023-07-13,Nick Wiger,Nick,2.5
Taco John's with Carl Tart,406.0,2023-07-13,Mike Mitchell,Mitch,3.25
Taco John's with Carl Tart,406.0,2023-07-13,Carl Tart,Guest,2.8
"Tasty Burger with Mookie Blaiklock, Zach Cherry, & Mike Hanford",405.0,2023-07-06,Nick Wiger,Nick,4.0
"Tasty Burger with Mookie Blaiklock, Zach Cherry, & Mike Hanford",405.0,2023-07-06,Mike Mitchell,Mitch,5.0
"Tasty Burger with Mookie Blaiklock, Zach Cherry, & Mike Hanford",405.0,2023-07-06,Zach Cherry,Guest,4.75
"Tasty Burger with Mookie Blaiklock, Zach Cherry, & Mike Hanford",405.0,2023-07-06,Mike Hanford,Guest,2.0
Tender Greens with Ryan Stanger,83.0,2017-01-05,Nick Wiger,Nick,3.0
Tender Greens with Ryan Stanger,83.0,2017-01-05,Mike Mitchell,Mitch,3.0
Tender Greens with Ryan Stanger,83.0,2017-01-05,Ryan Stanger,Guest,3.5
The Ate-TL: Cook Out with Jesse Farrar & Mike Hale,227.0,2019-10-31,Nick Wiger,Nick,5.0
The Ate-TL: Cook Out with Jesse Farrar & Mike Hale,227.0,2019-10-31,Mike Mitchell,Mitch,4.75
The Ate-TL: Cook Out with Jesse Farrar & Mike Hale,227.0,2019-10-31,Jesse Farrar,Guest,5.0
The Ate-TL: Cook Out with Jesse Farrar & Mike Hale,227.0,2019-10-31,Mike Hale,Guest,4.0
The Ate-TL: Krystal with Sam Richardson,226.0,2019-10-24,Nick Wiger,Nick,3.0
The Ate-TL: Krystal with Sam Richardson,226.0,2019-10-24,Mike Mitchell,Mitch,2.75
The Ate-TL: Krystal with Sam Richardson,226.0,2019-10-24,Sam Richardson,Guest,2.5
The Ate-TL: Moe's Southwest Grill with Mary Lynn Rajskub,224.0,2019-10-10,Nick Wiger,Nick,1.5
The Ate-TL: Moe's Southwest Grill with Mary Lynn Rajskub,224.0,2019-10-10,Mike Mitchell,Mitch,2.25
The Ate-TL: Moe's Southwest Grill with Mary Lynn Rajskub,224.0,2019-10-10,Mary Lynn Rajskub,Guest,1.0
The Ate-TL: The Flying Biscuit Cafe with Steve Agee,223.0,2019-10-03,Nick Wiger,Nick,4.0
The Ate-TL: The Flying Biscuit Cafe with Steve Agee,223.0,2019-10-03,Mike Mitchell,Mitch,4.0
The Ate-TL: The Flying Biscuit Cafe with Steve Agee,223.0,2019-10-03,Steve Agee,Guest,4.0
The Ate-TL: The Varsity with Joe Saunders,225.0,2019-10-17,Nick Wiger,Nick,4.5
The Ate-TL: The Varsity with Joe Saunders,225.0,2019-10-17,Mike Mitchell,Mitch,4.0
The Ate-TL: The Varsity with Joe Saunders,225.0,2019-10-17,Joe Saunders,Guest,5.0
The Butcher's Daughter with Zach Cherry,374.0,2022-11-03,Nick Wiger,Nick,4.5
The Butcher's Daughter with Zach Cherry,374.0,2022-11-03,Mike Mitchell,Mitch,4.5
The Butcher's Daughter with Zach Cherry,374.0,2022-11-03,Zach Cherry,Guest,4.25
The Capital Grille with Negin Farsad,327.0,2021-11-18,Nick Wiger,Nick,4.5
The Capital Grille with Negin Farsad,327.0,2021-11-18,Mike Mitchell,Mitch,5.0
The Capital Grille with Negin Farsad,327.0,2021-11-18,Negin Farsad,Guest,4.5
The Capital Grille with Negin Farsad,327.0,2021-11-18,David Phillips,Other,4.1
The Cheesecake Factory 2 with Arden Myrin,270.0,2020-09-24,Cookie Ass Wiger,Nick,5.0
The Cheesecake Factory 2 with Arden Myrin,270.0,2020-09-24,Mike Mitchell,Mitch,5.0
The Cheesecake Factory 2 with Arden Myrin,270.0,2020-09-24,Arden Myrin,Guest,5.0
The Cheesecake Factory with Beck Bennett,67.0,2016-08-25,Nick Wiger,Nick,5.0
The Cheesecake Factory with Beck Bennett,67.0,2016-08-25,Mike Mitchell,Mitch,5.0
The Cheesecake Factory with Beck Bennett,67.0,2016-08-25,Beck Bennett,Guest,5.0
The Coffee Bean with Hannah Kasulka,106.0,2017-05-31,Nick Wiger,Nick,4.0
The Coffee Bean with Hannah Kasulka,106.0,2017-05-31,Mike Mitchell,Mitch,3.666
The Coffee Bean with Hannah Kasulka,106.0,2017-05-31,Hannah Kasulka,Guest,4.0
The Habit with Emmy Blotnick,239.0,2020-02-20,Nick Wiger,Nick,3.0
The Habit with Emmy Blotnick,239.0,2020-02-20,Mike Mitchell,Mitch,3.5
The Habit with Emmy Blotnick,239.0,2020-02-20,Emmy Blotnick,Guest,3.0
The Halal Guys with Dave Schilling,139.0,2018-02-01,Nick Wiger,Nick,3.0
The Halal Guys with Dave Schilling,139.0,2018-02-01,Mike Mitchell,Mitch,4.0
The Halal Guys with Dave Schilling,139.0,2018-02-01,Dave Schilling,Guest,4.0
The Hat with Betsy Sodaro and Mano Agapion (LIVE),187.0,2019-01-24,Nick Wiger,Nick,4.5
The Hat with Betsy Sodaro and Mano Agapion (LIVE),187.0,2019-01-24,Mike Mitchell,Mitch,5.0
The Hat with Betsy Sodaro and Mano Agapion (LIVE),187.0,2019-01-24,Betsy Sodaro,Guest,4.5
The Hat with Betsy Sodaro and Mano Agapion (LIVE),187.0,2019-01-24,Mano Agapion,Guest,4.0
The Musso & Frank Grill with Evan Susser,427.0,2023-12-14,Nick Wiger,Nick,5.0
The Musso & Frank Grill with Evan Susser,427.0,2023-12-14,Mike Mitchell,Mitch,6.0
The Musso & Frank Grill with Evan Susser,427.0,2023-12-14,Evan Susser,Guest,5.0
The Olive Garden with Christine Nangle,51.0,2016-05-05,Nick Wiger,Nick,2.5
The Olive Garden with Christine Nangle,51.0,2016-05-05,Mike Mitchell,Mitch,1.5
The Olive Garden with Christine Nangle,51.0,2016-05-05,Christine Nangle,Guest,1.5
The Original Soup Kitchen with Stavros Halkias,518.0,2025-10-23,Nick Wiger,Nick,3.0
The Original Soup Kitchen with Stavros Halkias,518.0,2025-10-23,Mike Mitchell,Mitch,3.5
The Original Soup Kitchen with Stavros Halkias,518.0,2025-10-23,Stavros Halkias,Guest,2.0
The Pie Hole with Marcy Jarreau,149.0,2018-04-12,Nick Wiger,Nick,2.0
The Pie Hole with Marcy Jarreau,149.0,2018-04-12,Mike Mitchell,Mitch,4.5
The Pie Hole with Marcy Jarreau,149.0,2018-04-12,Marcy Jarreau,Guest,4.5
The Toothsome Chocolate Emporium & Savory Feast Kitchen with Mark Rennie,523.0,2025-12-04,Nick Wiger,Nick,0.25
The Toothsome Chocolate Emporium & Savory Feast Kitchen with Mark Rennie,523.0,2025-12-04,Mike Mitchell,Mitch,0.0
The Toothsome Chocolate Emporium & Savory Feast Kitchen with Mark Rennie,523.0,2025-12-04,Mark Rennie,Guest,0.5
Thighstop with Jon Gabrus,333.0,2022-01-20,Nick Wiger,Nick,4.0
Thighstop with Jon Gabrus,333.0,2022-01-20,Mike Mitchell,Mitch,4.0
Thighstop with Jon Gabrus,333.0,2022-01-20,Jon Gabrus,Guest,3.5
Tim Hortons with Stephanie Beatriz and Alana Johnston,466.0,2024-10-03,Nick Wiger,Nick,2.5
Tim Hortons with Stephanie Beatriz and Alana Johnston,466.0,2024-10-03,Mike Mitchell,Mitch,5.0
Tim Hortons with Stephanie Beatriz and Alana Johnston,466.0,2024-10-03,Stephanie Beatriz,Guest,2.0
Togo’s with Matty Smith,36.0,2016-02-04,Nick Wiger,Nick,3.0
Togo’s with Matty Smith,36.0,2016-02-04,Mike Mitchell,Mitch,2.0
Togo’s with Matty Smith,36.0,2016-02-04,Matty Smith,Guest,1.0
Tombstone (the pizza) with Blank Check,250.0,2020-05-07,Nick Wiger,Nick,4.0
Tombstone (the pizza) with Blank Check,250.0,2020-05-07,Mike Mitchell,Mitch,4.0
Tombstone (the pizza) with Blank Check,250.0,2020-05-07,David Sims,Guest,4.5
Tombstone (the pizza) with Blank Check,250.0,2020-05-07,Griffin Newman,Guest,4.75
Tony Roma's with Bug Mane,85.0,2017-01-19,Nick Wiger,Nick,3.5
Tony Roma's with Bug Mane,85.0,2017-01-19,Mike Mitchell,Mitch,4.0
Tony Roma's with Bug Mane,85.0,2017-01-19,Bug Mane,Guest,5.0
Top Round Roast Beef with Ike Barinholtz,179.0,2018-11-08,Nick Wiger,Nick,5.0
Top Round Roast Beef with Ike Barinholtz,179.0,2018-11-08,Mike Mitchell,Mitch,4.75
Top Round Roast Beef with Ike Barinholtz,179.0,2018-11-08,Ike Barinholtz,Guest,4.5
Topical Freeze: Marie Callender's Meals with Cat Solen,253.0,2020-05-28,Nick Wiger,Nick,2.88
Topical Freeze: Marie Callender's Meals with Cat Solen,253.0,2020-05-28,Mike Mitchell,Mitch,3.0
Topical Freeze: Marie Callender's Meals with Cat Solen,253.0,2020-05-28,Cat Solen,Guest,2.5
Topical Freeze: Ore-Ida with Jason Mantzoukas,252.0,2020-05-21,Nick Wiger,Nick,3.0
Topical Freeze: Ore-Ida with Jason Mantzoukas,252.0,2020-05-21,Mike Mitchell,Mitch,4.0
Topical Freeze: Ore-Ida with Jason Mantzoukas,252.0,2020-05-21,Jason Mantzoukas,Guest,2.5
Topical Freeze: Tina's Burritos with Jamelle Bouie,251.0,2020-05-14,Nick Wiger,Nick,2.75
Topical Freeze: Tina's Burritos with Jamelle Bouie,251.0,2020-05-14,Mike Mitchell,Mitch,4.0
Topical Freeze: Tina's Burritos with Jamelle Bouie,251.0,2020-05-14,Jamelle Bouie,Guest,2.5
Torchy's Tacos with Jon Gabrus (LIVE in Austin),133.0,2017-12-14,Nick Wiger,Nick,4.0
Torchy's Tacos with Jon Gabrus (LIVE in Austin),133.0,2017-12-14,Mike Mitchell,Mitch,4.5
Torchy's Tacos with Jon Gabrus (LIVE in Austin),133.0,2017-12-14,Jon Gabrus,Guest,4.0
Trejo's Tacos with Lamar Woods,529.0,2026-01-29,Nick Wiger,Nick,4.0
Trejo's Tacos with Lamar Woods,529.0,2026-01-29,Mike Mitchell,Mitch,4.0
Trejo's Tacos with Lamar Woods,529.0,2026-01-29,Lamar Woods,Guest,4.0
Trejo's Tacos with Lamar Woods,529.0,2026-01-29,Matt Apodaca,Guest,5.0
True Food Kitchen with Claudia O'Doherty,345.0,2022-04-14,Nick Wiger,Nick,3.0
True Food Kitchen with Claudia O'Doherty,345.0,2022-04-14,Mike Mitchell,Mitch,2.75
True Food Kitchen with Claudia O'Doherty,345.0,2022-04-14,Claudia O'Doherty,Guest,2.5
Two Hands Corn Dogs with Jamie Loftus,393.0,2023-04-13,Nick Wiger,Nick,3.0
Two Hands Corn Dogs with Jamie Loftus,393.0,2023-04-13,Mike Mitchell,Mitch,3.0
Two Hands Corn Dogs with Jamie Loftus,393.0,2023-04-13,Jamie Loftus,Guest,3.0
Tyga Bites with John Hodgman & David Rees,338.0,2022-02-24,Nick Wiger,Nick,0.12
Tyga Bites with John Hodgman & David Rees,338.0,2022-02-24,Mike Mitchell,Mitch,0.75
Tyga Bites with John Hodgman & David Rees,338.0,2022-02-24,John Hodgman,Guest,0.25
Tyga Bites with John Hodgman & David Rees,338.0,2022-02-24,David Rees,Guest,0.0
Umami Burger 2 with David Neher,112.0,2017-07-12,Nick Wiger,Nick,3.5
Umami Burger 2 with David Neher,112.0,2017-07-12,Mike Mitchell,Mitch,3.25
Umami Burger 2 with David Neher,112.0,2017-07-12,David Neher,Guest,4.0
Umami Burger 3 with Judd Apatow,328.0,2021-12-02,Nick Wiger,Nick,3.75
Umami Burger 3 with Judd Apatow,328.0,2021-12-02,Mike Mitchell,Mitch,3.75
Umami Burger 3 with Judd Apatow,328.0,2021-12-02,Judd Apatow,Guest,4.5
Umami Burger with Heather Anne Campbell,8.0,2015-07-02,Nick Wiger,Nick,3.0
Umami Burger with Heather Anne Campbell,8.0,2015-07-02,Mike Mitchell,Mitch,2.5
Umami Burger with Heather Anne Campbell,8.0,2015-07-02,Heather Anne Campbell,Guest,2.0
Veggie Grill with Mary Sasson,344.0,2022-04-07,Nick Wiger,Nick,4.0
Veggie Grill with Mary Sasson,344.0,2022-04-07,Mike Mitchell,Mitch,4.5
Veggie Grill with Mary Sasson,344.0,2022-04-07,Mary Sasson,Guest,3.5
Veggie Grill with Nathan Barnatt,47.0,2016-04-03,Nick Wiger,Nick,4.5
Veggie Grill with Nathan Barnatt,47.0,2016-04-03,Mike Mitchell,Mitch,4.0
Veggie Grill with Nathan Barnatt,47.0,2016-04-03,Nathan Barnatt,Guest,5.0
Voodoo Doughnut with Oscar Montoya,418.0,2023-10-05,Nick Wiger,Nick,3.0
Voodoo Doughnut with Oscar Montoya,418.0,2023-10-05,Mike Mitchell,Mitch,3.5
Voodoo Doughnut with Oscar Montoya,418.0,2023-10-05,Oscar Montoya,Guest,3.0
Voodoo Doughnut with Oscar Montoya,418.0,2023-10-05,Amelia Marino,Guest,4.0
Waffle House with Carl Tart (LIVE),203.0,2019-05-16,Nick Wiger,Nick,5.0
Waffle House with Carl Tart (LIVE),203.0,2019-05-16,Mike Mitchell,Mitch,5.0
Waffle House with Carl Tart (LIVE),203.0,2019-05-16,Carl Tart,Guest,5.0
Waffle House with Carl Tart (LIVE),203.0,2019-05-16,Allan McLeod,Guest,4.0
Wahlburgers with Eliza Hooper,311.0,2021-07-29,Nick Wiger,Nick,3.25
Wahlburgers with Eliza Hooper,311.0,2021-07-29,Mike Mitchell,Mitch,4.0
Wahlburgers with Eliza Hooper,311.0,2021-07-29,Eliza Hooper,Guest,2.5
Wahoo's Fish Taco with Eliza Skinner,170.0,2018-09-06,Nick Wiger,Nick,3.0
Wahoo's Fish Taco with Eliza Skinner,170.0,2018-09-06,Mike Mitchell,Mitch,2.5
Wahoo's Fish Taco with Eliza Skinner,170.0,2018-09-06,Eliza Skinner,Guest,1.0
Wendy's 2 with Jacob Wysocki,294.0,2021-04-01,Nick Wiger,Nick,4.75
Wendy's 2 with Jacob Wysocki,294.0,2021-04-01,Mike Mitchell,Mitch,4.75
Wendy's 2 with Jacob Wysocki,294.0,2021-04-01,Jacob Wysocki,Guest,4.75
Wendy's 4 with Brooks Wheelan,493.0,2025-05-01,Nick Wiger,Nick,4.5
Wendy's 4 with Brooks Wheelan,493.0,2025-05-01,Mike Mitchell,Mitch,4.5
Wendy's 4 with Brooks Wheelan,493.0,2025-05-01,Brooks Wheelan,Guest,3.0
Wendy's Breakfast with The Sloppy Boys,263.0,2020-08-06,Nick Wiger,Nick,4.0
Wendy's Breakfast with The Sloppy Boys,263.0,2020-08-06,Mike Mitchell,Mitch,4.0
Wendy's Breakfast with The Sloppy Boys,263.0,2020-08-06,Mike Hanford,Guest,1.0
Wendy's Breakfast with The Sloppy Boys,263.0,2020-08-06,Tim Kalpakis,Guest,3.5
Wendy's Breakfast with The Sloppy Boys,263.0,2020-08-06,Jefferson Dutton,Guest,3.5
Wendy’s with Paul Rust,39.0,2016-02-25,Nick Wiger,Nick,5.0
Wendy’s with Paul Rust,39.0,2016-02-25,Mike Mitchell,Mitch,5.0
Wendy’s with Paul Rust,39.0,2016-02-25,Paul Rust,Guest,5.0
Wetzel's Pretzels with Jon Daly,101.0,2017-04-27,Nick Wiger,Nick,4.0
Wetzel's Pretzels with Jon Daly,101.0,2017-04-27,Mike Mitchell,Mitch,3.0
Wetzel's Pretzels with Jon Daly,101.0,2017-04-27,Jon Daly,Guest,0.5
Whataburger with Jon Gabrus (LIVE),138.0,2018-01-25,Nick Wiger,Nick,4.0
Whataburger with Jon Gabrus (LIVE),138.0,2018-01-25,Mike Mitchell,Mitch,4.5
Whataburger with Jon Gabrus (LIVE),138.0,2018-01-25,Jon Gabrus,Guest,4.0
Which Wich? with Josh Gondelman,209.0,2019-06-27,Nick Wiger,Nick,3.5
Which Wich? with Josh Gondelman,209.0,2019-06-27,Mike Mitchell,Mitch,3.5
Which Wich? with Josh Gondelman,209.0,2019-06-27,Josh Gondelman,Guest,3.5
"White Castle with Mike Hanford, Paul Rust, and Fran Gillespie (LIVE)",228.0,2019-11-07,Nick Wiger,Nick,3.0
"White Castle with Mike Hanford, Paul Rust, and Fran Gillespie (LIVE)",228.0,2019-11-07,Mike Mitchell,Mitch,3.5
"White Castle with Mike Hanford, Paul Rust, and Fran Gillespie (LIVE)",228.0,2019-11-07,Mike Hanford,Guest,1.0
"White Castle with Mike Hanford, Paul Rust, and Fran Gillespie (LIVE)",228.0,2019-11-07,Fran Gillespie,Guest,2.0
"White Castle with Mike Hanford, Paul Rust, and Fran Gillespie (LIVE)",228.0,2019-11-07,Paul Rust,Guest,5.0
Whole Foods 2 with Emily Yoshida,434.0,2024-02-22,Nick Wiger,Nick,1.5
Whole Foods 2 with Emily Yoshida,434.0,2024-02-22,Mike Mitchell,Mitch,1.5
Whole Foods 2 with Emily Yoshida,434.0,2024-02-22,Emily Yoshida,Guest,2.0
Wienerschnitzel with Rob Huebel,129.0,2017-11-09,Nick Wiger,Nick,4.5
Wienerschnitzel with Rob Huebel,129.0,2017-11-09,Mike Mitchell,Mitch,3.75
Wienerschnitzel with Rob Huebel,129.0,2017-11-09,Rob Huebel,Guest,3.0
Willie Mae's Scotch House with Matt Selman,455.0,2024-07-18,Nick Wiger,Nick,5.0
Willie Mae's Scotch House with Matt Selman,455.0,2024-07-18,Mike Mitchell,Mitch,5.0
Willie Mae's Scotch House with Matt Selman,455.0,2024-07-18,Selman,Guest,5.0
Winchell's Donut House with Mike Horowitz,318.0,2021-09-16,Nick Wiger,Nick,3.75
Winchell's Donut House with Mike Horowitz,318.0,2021-09-16,Mike Mitchell,Mitch,3.75
Winchell's Donut House with Mike Horowitz,318.0,2021-09-16,Mike Horowitz,Guest,3.75
Wingstop with Emmy Blotnick,29.0,2015-12-03,Nick Wiger,Nick,3.0
Wingstop with Emmy Blotnick,29.0,2015-12-03,Mike Mitchell,Mitch,4.0
Wingstop with Emmy Blotnick,29.0,2015-12-03,Emmy Blotnick,Guest,2.5
Wood Ranch with Esther Povitsky,78.0,2016-11-10,Nick Wiger,Nick,4.5
Wood Ranch with Esther Povitsky,78.0,2016-11-10,Mike Mitchell,Mitch,2.5
Wood Ranch with Esther Povitsky,78.0,2016-11-10,Esther Povitsky,Guest,4.0
Yard House 2 with Dave Schilling,301.0,2021-05-20,Nick Wiger,Nick,3.0
Yard House 2 with Dave Schilling,301.0,2021-05-20,Mike Mitchell,Mitch,4.5
Yard House 2 with Dave Schilling,301.0,2021-05-20,Dave Schilling,Guest,3.5
Yard House with Matt Besser,124.0,2017-10-05,Nick Wiger,Nick,3.5
Yard House with Matt Besser,124.0,2017-10-05,Mike Mitchell,Mitch,3.5
Yard House with Matt Besser,124.0,2017-10-05,Matt Besser,Guest,4.0
Yogurtland with Van Robichaux,69.0,2016-09-08,Nick Wiger,Nick,2.0
Yogurtland with Van Robichaux,69.0,2016-09-08,Mike Mitchell,Mitch,3.5
Yogurtland with Van Robichaux,69.0,2016-09-08,Van Robichaux,Guest,1.5
Yoshinoya with Jensen Karp,53.0,2016-05-19,Nick Wiger,Nick,1.0
Yoshinoya with Jensen Karp,53.0,2016-05-19,Mike Mitchell,Mitch,2.0
Yoshinoya with Jensen Karp,53.0,2016-05-19,Jensen Karp,Guest,2.0
Yoshinoya with Jensen Karp,53.0,2016-05-19,Jensen Karp,Guest,3.0
Zankou Chicken with Jason Mantzoukas,419.0,2023-10-12,Joker Wiger,Nick,5.0
Zankou Chicken with Jason Mantzoukas,419.0,2023-10-12,The Batspoonman,Mitch,6.0
Zankou Chicken with Jason Mantzoukas,419.0,2023-10-12,Jason Mantzoukas,Guest,4.5
